,date,Overall_AQI_Value,main_pollutant,site_name,Lat ,Lon,site_id,source_aqi,co,ozone,so2,pm10,pm25,no2,lat,lon,city_name,state_ordinance
0,2020-01-01,63,PM2.5,Boise - White Pine Elementary,43.615,-116.2023,16-015-0001,AirNow,,28,,,63,,43.615,-116.2023,Boise,2020-03-25
1,2020-01-02,62,PM2.5,Boise - White Pine Elementary,43.615,-116.2023,16-015-0001,AirNow,,23,,,62,,43.615,-116.2023,Boise,2020-03-25
2,2020-01-03,52,PM2.5,Boise - White Pine Elementary,43.615,-116.2023,16-015-0001,AirNow,,26,,,52,,43.615,-116.2023,Boise,2020-03-25
3,2020-01-04,55,PM2.5,Boise - White Pine Elementary,43.615,-116.2023,16-015-0001,AirNow,,28,,,55,,43.615,-116.2023,Boise,2020-03-25
4,2020-01-05,43,PM2.5,Boise - White Pine Elementary,43.615,-116.2023,16-015-0001,AirNow,,24,,,43,,43.615,-116.2023,Boise,2020-03-25
5,2020-01-06,59,PM2.5,Boise - White Pine Elementary,43.615,-116.2023,16-015-0001,AirNow,,19,,,59,,43.615,-116.2023,Boise,2020-03-25
6,2020-01-07,49,PM2.5,Boise - White Pine Elementary,43.615,-116.2023,16-015-0002,AirNow,,20,,,49,,43.615,-116.2023,Boise,2020-03-25
7,2020-01-08,48,PM2.5,Boise - White Pine Elementary,43.615,-116.2023,16-015-0001,AirNow,,27,,,48,,43.615,-116.2023,Boise,2020-03-25
8,2020-01-09,34,PM2.5,Boise - White Pine Elementary,43.615,-116.2023,16-015-0001,AirNow,,28,,,34,,43.615,-116.2023,Boise,2020-03-25
9,2020-01-10,44,PM2.5,Boise - White Pine Elementary,43.615,-116.2023,16-015-0001,AirNow,,31,,,44,,43.615,-116.2023,Boise,2020-03-25
10,2020-01-11,46,PM2.5,Boise - White Pine Elementary,43.615,-116.2023,16-015-0001,AirNow,,28,,,46,,43.615,-116.2023,Boise,2020-03-25
11,2020-01-12,29,Ozone,Boise - White Pine Elementary,43.615,-116.2023,16-001-0010,AirNow,,29,,,28,,43.615,-116.2023,Boise,2020-03-25
12,2020-01-13,34,PM2.5,Boise - White Pine Elementary,43.615,-116.2023,16-015-0001,AirNow,,30,,,34,,43.615,-116.2023,Boise,2020-03-25
13,2020-01-14,45,PM2.5,Boise - White Pine Elementary,43.615,-116.2023,16-015-0001,AirNow,,24,,,45,,43.615,-116.2023,Boise,2020-03-25
14,2020-01-15,55,PM2.5,Boise - White Pine Elementary,43.615,-116.2023,16-015-0001,AirNow,,31,,,55,,43.615,-116.2023,Boise,2020-03-25
15,2020-01-16,76,PM2.5,Boise - White Pine Elementary,43.615,-116.2023,16-015-0001,AirNow,,30,,,76,,43.615,-116.2023,Boise,2020-03-25
16,2020-01-17,48,PM2.5,Boise - White Pine Elementary,43.615,-116.2023,16-015-0001,AirNow,,29,,,48,,43.615,-116.2023,Boise,2020-03-25
17,2020-01-18,56,PM2.5,Boise - White Pine Elementary,43.615,-116.2023,16-015-0001,AirNow,,25,,,56,,43.615,-116.2023,Boise,2020-03-25
18,2020-01-19,44,PM2.5,Boise - White Pine Elementary,43.615,-116.2023,16-015-0001,AirNow,,27,,,44,,43.615,-116.2023,Boise,2020-03-25
19,2020-01-20,59,PM2.5,Boise - White Pine Elementary,43.615,-116.2023,16-015-0001,AirNow,,19,,,59,,43.615,-116.2023,Boise,2020-03-25
20,2020-01-21,66,PM2.5,Boise - White Pine Elementary,43.615,-116.2023,16-015-0001,AirNow,,19,,,66,,43.615,-116.2023,Boise,2020-03-25
21,2020-01-22,55,PM2.5,Boise - White Pine Elementary,43.615,-116.2023,16-027-0002,AirNow,,24,,,55,,43.615,-116.2023,Boise,2020-03-25
22,2020-01-23,60,PM2.5,Boise - White Pine Elementary,43.615,-116.2023,16-027-0002,AirNow,,15,,,60,,43.615,-116.2023,Boise,2020-03-25
23,2020-01-24,49,PM2.5,Boise - White Pine Elementary,43.615,-116.2023,16-015-0001,AirNow,,18,,,49,,43.615,-116.2023,Boise,2020-03-25
24,2020-01-25,32,PM2.5,Boise - White Pine Elementary,43.615,-116.2023,16-001-0020,AirNow,,14,,,32,,43.615,-116.2023,Boise,2020-03-25
25,2020-01-26,46,PM2.5,Boise - White Pine Elementary,43.615,-116.2023,16-015-0001,AirNow,,16,,,46,,43.615,-116.2023,Boise,2020-03-25
26,2020-01-27,47,PM2.5,Boise - White Pine Elementary,43.615,-116.2023,16-015-0001,AirNow,,26,,,47,,43.615,-116.2023,Boise,2020-03-25
27,2020-01-28,59,PM2.5,Boise - White Pine Elementary,43.615,-116.2023,16-015-0001,AirNow,,21,,,59,,43.615,-116.2023,Boise,2020-03-25
28,2020-01-29,33,PM2.5,Boise - White Pine Elementary,43.615,-116.2023,16-015-0001,AirNow,,25,,,33,,43.615,-116.2023,Boise,2020-03-25
29,2020-01-30,57,PM2.5,Boise - White Pine Elementary,43.615,-116.2023,16-015-0001,AirNow,,22,,,57,,43.615,-116.2023,Boise,2020-03-25
30,2020-01-31,38,PM2.5,Boise - White Pine Elementary,43.615,-116.2023,16-015-0001,AirNow,,19,,,38,,43.615,-116.2023,Boise,2020-03-25
31,2020-02-01,42,PM2.5,Boise - White Pine Elementary,43.615,-116.2023,16-015-0001,AirNow,,19,,,42,,43.615,-116.2023,Boise,2020-03-25
32,2020-02-02,31,PM2.5,Boise - White Pine Elementary,43.615,-116.2023,16-015-0001,AirNow,,28,,,31,,43.615,-116.2023,Boise,2020-03-25
33,2020-02-03,24,PM2.5,Boise - White Pine Elementary,43.615,-116.2023,16-001-0010,AirNow,,.,,,24,,43.615,-116.2023,Boise,2020-03-25
34,2020-02-04,25,PM2.5,Boise - White Pine Elementary,43.615,-116.2023,16-015-0001,AirNow,,.,,,25,,43.615,-116.2023,Boise,2020-03-25
35,2020-02-05,33,PM2.5,Boise - White Pine Elementary,43.615,-116.2023,16-015-0001,AirNow,,19,,,33,,43.615,-116.2023,Boise,2020-03-25
36,2020-02-06,60,PM2.5,Boise - White Pine Elementary,43.615,-116.2023,16-015-0001,AirNow,,19,,,60,,43.615,-116.2023,Boise,2020-03-25
37,2020-02-07,54,PM2.5,Boise - White Pine Elementary,43.615,-116.2023,16-015-0001,AirNow,,24,,,54,,43.615,-116.2023,Boise,2020-03-25
38,2020-02-08,31,PM2.5,Boise - White Pine Elementary,43.615,-116.2023,16-015-0001,AirNow,,31,,,31,,43.615,-116.2023,Boise,2020-03-25
39,2020-02-09,43,PM2.5,Boise - White Pine Elementary,43.615,-116.2023,16-015-0001,AirNow,,27,,,43,,43.615,-116.2023,Boise,2020-03-25
40,2020-02-10,39,PM2.5,Boise - White Pine Elementary,43.615,-116.2023,16-015-0001,AirNow,,29,,,39,,43.615,-116.2023,Boise,2020-03-25
41,2020-02-11,39,PM2.5,Boise - White Pine Elementary,43.615,-116.2023,16-027-0002,AirNow,,27,,,39,,43.615,-116.2023,Boise,2020-03-25
42,2020-02-12,50,PM2.5,Boise - White Pine Elementary,43.615,-116.2023,16-015-0001,AirNow,,31,,,50,,43.615,-116.2023,Boise,2020-03-25
43,2020-02-13,36,PM2.5,Boise - White Pine Elementary,43.615,-116.2023,16-015-0001,AirNow,,31,,,36,,43.615,-116.2023,Boise,2020-03-25
44,2020-02-14,35,PM2.5,Boise - White Pine Elementary,43.615,-116.2023,16-015-0001,AirNow,,31,,,35,,43.615,-116.2023,Boise,2020-03-25
45,2020-02-15,36,PM2.5,Boise - White Pine Elementary,43.615,-116.2023,16-015-0001,AirNow,,25,,,36,,43.615,-116.2023,Boise,2020-03-25
46,2020-02-16,55,PM2.5,Boise - White Pine Elementary,43.615,-116.2023,16-015-0001,AirNow,,29,,,55,,43.615,-116.2023,Boise,2020-03-25
47,2020-02-17,48,PM2.5,Boise - White Pine Elementary,43.615,-116.2023,16-015-0001,AirNow,,30,,,48,,43.615,-116.2023,Boise,2020-03-25
48,2020-02-18,44,PM2.5,Boise - White Pine Elementary,43.615,-116.2023,16-015-0001,AirNow,,.,,,44,,43.615,-116.2023,Boise,2020-03-25
49,2020-02-19,39,PM2.5,Boise - White Pine Elementary,43.615,-116.2023,16-015-0001,AirNow,,.,,,39,,43.615,-116.2023,Boise,2020-03-25
50,2020-02-20,43,PM2.5,Boise - White Pine Elementary,43.615,-116.2023,16-015-0001,AirNow,,32,,,43,,43.615,-116.2023,Boise,2020-03-25
51,2020-02-21,40,PM2.5,Boise - White Pine Elementary,43.615,-116.2023,16-027-0002,AirNow,,31,,,40,,43.615,-116.2023,Boise,2020-03-25
52,2020-02-22,56,PM2.5,Boise - White Pine Elementary,43.615,-116.2023,16-001-0020,AirNow,,34,,,56,,43.615,-116.2023,Boise,2020-03-25
53,2020-02-23,42,PM2.5,Boise - White Pine Elementary,43.615,-116.2023,16-001-0020,AirNow,,33,,,42,,43.615,-116.2023,Boise,2020-03-25
54,2020-02-24,47,PM2.5,Boise - White Pine Elementary,43.615,-116.2023,16-015-0001,AirNow,,36,,,47,,43.615,-116.2023,Boise,2020-03-25
55,2020-02-25,35,PM2.5,Boise - White Pine Elementary,43.615,-116.2023,16-015-0001,AirNow,,32,,,35,,43.615,-116.2023,Boise,2020-03-25
56,2020-02-26,39,PM2.5,Boise - White Pine Elementary,43.615,-116.2023,16-001-0020,AirNow,,30,,,39,,43.615,-116.2023,Boise,2020-03-25
57,2020-02-27,54,PM2.5,Boise - White Pine Elementary,43.615,-116.2023,16-027-0002,AirNow,,32,,,54,,43.615,-116.2023,Boise,2020-03-25
58,2020-02-28,42,PM2.5,Boise - White Pine Elementary,43.615,-116.2023,16-015-0001,AirNow,,31,,,42,,43.615,-116.2023,Boise,2020-03-25
59,2020-02-29,48,PM2.5,Boise - White Pine Elementary,43.615,-116.2023,16-015-0001,AirNow,,36,,,48,,43.615,-116.2023,Boise,2020-03-25
60,2020-03-01,37,Ozone,Boise - White Pine Elementary,43.615,-116.2023,16-001-0010,AirNow,,37,,,26,,43.615,-116.2023,Boise,2020-03-25
61,2020-03-02,33,PM2.5,Boise - White Pine Elementary,43.615,-116.2023,16-015-0001,AirNow,,32,,,33,,43.615,-116.2023,Boise,2020-03-25
62,2020-03-03,39,PM2.5,Boise - White Pine Elementary,43.615,-116.2023,16-015-0001,AirNow,,.,,,39,,43.615,-116.2023,Boise,2020-03-25
63,2020-03-04,36,PM2.5,Boise - White Pine Elementary,43.615,-116.2023,16-015-0001,AirNow,,35,,,36,,43.615,-116.2023,Boise,2020-03-25
64,2020-03-05,31,Ozone,Boise - White Pine Elementary,43.615,-116.2023,16-001-0010,AirNow,,31,,,30,,43.615,-116.2023,Boise,2020-03-25
65,2020-03-06,47,PM2.5,Boise - White Pine Elementary,43.615,-116.2023,16-015-0001,AirNow,,29,,,47,,43.615,-116.2023,Boise,2020-03-25
66,2020-03-07,36,PM2.5,Boise - White Pine Elementary,43.615,-116.2023,16-015-0001,AirNow,,29,,,36,,43.615,-116.2023,Boise,2020-03-25
67,2020-03-08,44,PM2.5,Boise - White Pine Elementary,43.615,-116.2023,16-015-0001,AirNow,,29,,,44,,43.615,-116.2023,Boise,2020-03-25
68,2020-03-09,34,PM2.5,Boise - White Pine Elementary,43.615,-116.2023,16-015-0001,AirNow,,30,,,34,,43.615,-116.2023,Boise,2020-03-25
69,2020-03-10,33,Ozone,Boise - White Pine Elementary,43.615,-116.2023,16-001-0010,AirNow,,33,,,28,,43.615,-116.2023,Boise,2020-03-25
70,2020-03-11,36,PM2.5,Boise - White Pine Elementary,43.615,-116.2023,16-015-0001,AirNow,,31,,,36,,43.615,-116.2023,Boise,2020-03-25
71,2020-03-12,39,Ozone,Boise - White Pine Elementary,43.615,-116.2023,16-001-0010,AirNow,,39,,,30,,43.615,-116.2023,Boise,2020-03-25
72,2020-03-13,37,Ozone,Boise - White Pine Elementary,43.615,-116.2023,16-001-0010,AirNow,,37,,,34,,43.615,-116.2023,Boise,2020-03-25
73,2020-03-14,38,PM2.5,Boise - White Pine Elementary,43.615,-116.2023,16-015-0001,AirNow,,32,,,38,,43.615,-116.2023,Boise,2020-03-25
74,2020-03-15,28,Ozone,Boise - White Pine Elementary,43.615,-116.2023,16-001-0010,AirNow,,28,,,25,,43.615,-116.2023,Boise,2020-03-25
75,2020-03-16,30,PM2.5,Boise - White Pine Elementary,43.615,-116.2023,16-001-0010,AirNow,,29,,,30,,43.615,-116.2023,Boise,2020-03-25
76,2020-03-17,32,Ozone,Boise - White Pine Elementary,43.615,-116.2023,16-001-0010,AirNow,,32,,,30,,43.615,-116.2023,Boise,2020-03-25
77,2020-03-18,33,Ozone,Boise - White Pine Elementary,43.615,-116.2023,16-001-0010,AirNow,,33,,,21,,43.615,-116.2023,Boise,2020-03-25
78,2020-03-19,42,PM2.5,Boise - White Pine Elementary,43.615,-116.2023,16-001-0010,AirNow,,34,,,42,,43.615,-116.2023,Boise,2020-03-25
79,2020-03-20,40,PM2.5,Boise - White Pine Elementary,43.615,-116.2023,16-027-0002,AirNow,,33,,,40,,43.615,-116.2023,Boise,2020-03-25
80,2020-03-21,53,PM2.5,Boise - White Pine Elementary,43.615,-116.2023,16-027-0002,AirNow,,42,,,53,,43.615,-116.2023,Boise,2020-03-25
81,2020-03-22,40,Ozone,Boise - White Pine Elementary,43.615,-116.2023,16-001-0010,AirNow,,40,,,37,,43.615,-116.2023,Boise,2020-03-25
82,2020-03-23,32,Ozone,Boise - White Pine Elementary,43.615,-116.2023,16-001-0010,AirNow,,32,,,25,,43.615,-116.2023,Boise,2020-03-25
83,2020-03-24,25,PM2.5,Boise - White Pine Elementary,43.615,-116.2023,16-015-0001,AirNow,,.,,,25,,43.615,-116.2023,Boise,2020-03-25
84,2020-03-25,35,Ozone,Boise - White Pine Elementary,43.615,-116.2023,16-001-0010,AirNow,,35,,,21,,43.615,-116.2023,Boise,2020-03-25
85,2020-03-26,35,Ozone,Boise - White Pine Elementary,43.615,-116.2023,16-001-0010,AirNow,,35,,,24,,43.615,-116.2023,Boise,2020-03-25
86,2020-03-27,41,PM2.5,Boise - White Pine Elementary,43.615,-116.2023,16-001-0020,AirNow,,39,,,41,,43.615,-116.2023,Boise,2020-03-25
87,2020-03-28,36,Ozone,Boise - White Pine Elementary,43.615,-116.2023,16-001-0010,AirNow,,36,,,35,,43.615,-116.2023,Boise,2020-03-25
88,2020-03-29,31,Ozone,Boise - White Pine Elementary,43.615,-116.2023,16-001-0010,AirNow,,31,,,23,,43.615,-116.2023,Boise,2020-03-25
89,2020-03-30,28,Ozone,Boise - White Pine Elementary,43.615,-116.2023,16-001-0010,AirNow,,28,,,18,,43.615,-116.2023,Boise,2020-03-25
90,2020-03-31,31,Ozone,Boise - White Pine Elementary,43.615,-116.2023,16-001-0010,AirNow,,31,,,23,,43.615,-116.2023,Boise,2020-03-25
91,2020-04-01,34,Ozone,Boise - White Pine Elementary,43.615,-116.2023,16-001-0010,AirNow,,34,,,20,,43.615,-116.2023,Boise,2020-03-25
92,2020-04-02,34,Ozone,Boise - White Pine Elementary,43.615,-116.2023,16-001-0010,AirNow,,34,,,21,,43.615,-116.2023,Boise,2020-03-25
93,2020-04-03,32,Ozone,Boise - White Pine Elementary,43.615,-116.2023,16-001-0010,AirNow,,32,,,27,,43.615,-116.2023,Boise,2020-03-25
94,2020-04-04,32,Ozone,Boise - White Pine Elementary,43.615,-116.2023,16-001-0010,AirNow,,32,,,27,,43.615,-116.2023,Boise,2020-03-25
95,2020-04-05,29,Ozone,Boise - White Pine Elementary,43.615,-116.2023,16-001-0010,AirNow,,29,,,18,,43.615,-116.2023,Boise,2020-03-25
96,2020-04-06,31,Ozone,Boise - White Pine Elementary,43.615,-116.2023,16-001-0010,AirNow,,31,,,28,,43.615,-116.2023,Boise,2020-03-25
97,2020-04-07,31,Ozone,Boise - White Pine Elementary,43.615,-116.2023,16-001-0017,AirNow,,31,,,26,,43.615,-116.2023,Boise,2020-03-25
98,2020-04-08,36,Ozone,Boise - White Pine Elementary,43.615,-116.2023,16-001-0010,AirNow,,36,,,33,,43.615,-116.2023,Boise,2020-03-25
99,2020-04-09,41,Ozone,Boise - White Pine Elementary,43.615,-116.2023,16-001-0017,AirNow,,41,,,40,,43.615,-116.2023,Boise,2020-03-25
100,2020-04-10,40,PM2.5,Boise - White Pine Elementary,43.615,-116.2023,16-015-0001,AirNow,,40,,,40,,43.615,-116.2023,Boise,2020-03-25
101,2019-01-01,79,PM2.5,Boise - White Pine Elementary,43.615,-116.2023,16-015-0001,AQS,8.0,28,0,13,79,.,43.615,-116.2023,Boise,2020-03-25
102,2019-01-02,52,PM2.5,Boise - White Pine Elementary,43.615,-116.2023,16-015-0001,AQS,9.0,22,0,9,52,.,43.615,-116.2023,Boise,2020-03-25
103,2019-01-03,46,PM2.5,Boise - White Pine Elementary,43.615,-116.2023,16-015-0001,AQS,9.0,21,1,16,46,.,43.615,-116.2023,Boise,2020-03-25
104,2019-01-04,55,PM2.5,Boise - White Pine Elementary,43.615,-116.2023,16-015-0001,AQS,15.0,18,1,27,55,.,43.615,-116.2023,Boise,2020-03-25
105,2019-01-05,70,PM2.5,Boise - White Pine Elementary,43.615,-116.2023,16-015-0001,AQS,15.0,33,3,18,70,.,43.615,-116.2023,Boise,2020-03-25
106,2019-01-06,58,PM2.5,Boise - White Pine Elementary,43.615,-116.2023,16-015-0001,AQS,9.0,31,0,9,58,.,43.615,-116.2023,Boise,2020-03-25
107,2019-01-07,36,PM2.5,Boise - White Pine Elementary,43.615,-116.2023,16-015-0001,AQS,9.0,31,0,10,36,.,43.615,-116.2023,Boise,2020-03-25
108,2019-01-08,46,PM2.5,Boise - White Pine Elementary,43.615,-116.2023,16-015-0001,AQS,10.0,29,0,13,46,.,43.615,-116.2023,Boise,2020-03-25
109,2019-01-09,80,PM2.5,Boise - White Pine Elementary,43.615,-116.2023,16-015-0001,AQS,10.0,22,0,14,80,.,43.615,-116.2023,Boise,2020-03-25
110,2019-01-10,72,PM2.5,Boise - White Pine Elementary,43.615,-116.2023,16-015-0001,AQS,7.0,23,1,19,72,.,43.615,-116.2023,Boise,2020-03-25
111,2019-01-11,54,PM2.5,Boise - White Pine Elementary,43.615,-116.2023,16-015-0001,AQS,7.0,24,1,11,54,.,43.615,-116.2023,Boise,2020-03-25
112,2019-01-12,61,PM2.5,Boise - White Pine Elementary,43.615,-116.2023,16-015-0001,AQS,6.0,28,1,10,61,.,43.615,-116.2023,Boise,2020-03-25
113,2019-01-13,62,PM2.5,Boise - White Pine Elementary,43.615,-116.2023,16-015-0001,AQS,7.0,24,0,16,62,.,43.615,-116.2023,Boise,2020-03-25
114,2019-01-14,63,PM2.5,Boise - White Pine Elementary,43.615,-116.2023,16-015-0001,AQS,6.0,21,1,21,63,.,43.615,-116.2023,Boise,2020-03-25
115,2019-01-15,86,PM2.5,Boise - White Pine Elementary,43.615,-116.2023,16-015-0001,AQS,9.0,13,3,15,86,.,43.615,-116.2023,Boise,2020-03-25
116,2019-01-16,63,PM2.5,Boise - White Pine Elementary,43.615,-116.2023,16-015-0001,AQS,9.0,31,3,14,63,.,43.615,-116.2023,Boise,2020-03-25
117,2019-01-17,66,PM2.5,Boise - White Pine Elementary,43.615,-116.2023,16-015-0001,AQS,8.0,31,1,7,66,.,43.615,-116.2023,Boise,2020-03-25
118,2019-01-18,48,PM2.5,Boise - White Pine Elementary,43.615,-116.2023,16-015-0001,AQS,7.0,30,0,9,48,.,43.615,-116.2023,Boise,2020-03-25
119,2019-01-19,58,PM2.5,Boise - White Pine Elementary,43.615,-116.2023,16-015-0001,AQS,6.0,30,0,4,58,.,43.615,-116.2023,Boise,2020-03-25
120,2019-01-20,64,PM2.5,Boise - White Pine Elementary,43.615,-116.2023,16-015-0001,AQS,6.0,24,1,8,64,.,43.615,-116.2023,Boise,2020-03-25
121,2019-01-21,40,PM2.5,Boise - White Pine Elementary,43.615,-116.2023,16-015-0001,AQS,6.0,31,0,7,40,.,43.615,-116.2023,Boise,2020-03-25
122,2019-01-22,37,PM2.5,Boise - White Pine Elementary,43.615,-116.2023,16-015-0001,AQS,6.0,24,0,11,37,.,43.615,-116.2023,Boise,2020-03-25
123,2019-01-23,58,PM2.5,Boise - White Pine Elementary,43.615,-116.2023,16-015-0001,AQS,7.0,21,0,9,58,.,43.615,-116.2023,Boise,2020-03-25
124,2019-01-24,55,PM2.5,Boise - White Pine Elementary,43.615,-116.2023,16-027-0002,AQS,6.0,23,1,19,55,.,43.615,-116.2023,Boise,2020-03-25
125,2019-01-25,50,PM2.5,Boise - White Pine Elementary,43.615,-116.2023,16-015-0001,AQS,7.0,.,.,21,50,.,43.615,-116.2023,Boise,2020-03-25
126,2019-01-26,64,PM2.5,Boise - White Pine Elementary,43.615,-116.2023,16-015-0001,AQS,7.0,23,1,19,64,.,43.615,-116.2023,Boise,2020-03-25
127,2019-01-27,56,PM2.5,Boise - White Pine Elementary,43.615,-116.2023,16-015-0001,AQS,8.0,20,0,17,56,.,43.615,-116.2023,Boise,2020-03-25
128,2019-01-28,55,PM2.5,Boise - White Pine Elementary,43.615,-116.2023,16-015-0001,AQS,8.0,23,3,17,55,.,43.615,-116.2023,Boise,2020-03-25
129,2019-01-29,63,PM2.5,Boise - White Pine Elementary,43.615,-116.2023,16-015-0001,AQS,8.0,24,1,21,63,.,43.615,-116.2023,Boise,2020-03-25
130,2019-01-30,57,PM2.5,Boise - White Pine Elementary,43.615,-116.2023,16-015-0001,AQS,8.0,21,1,19,57,.,43.615,-116.2023,Boise,2020-03-25
131,2019-01-31,58,PM2.5,Boise - White Pine Elementary,43.615,-116.2023,16-015-0001,AQS,9.0,22,1,21,58,.,43.615,-116.2023,Boise,2020-03-25
132,2019-02-01,59,PM2.5,Boise - White Pine Elementary,43.615,-116.2023,16-015-0001,AQS,11.0,17,3,28,59,.,43.615,-116.2023,Boise,2020-03-25
133,2019-02-02,63,PM2.5,Boise - White Pine Elementary,43.615,-116.2023,16-015-0001,AQS,11.0,19,1,14,63,.,43.615,-116.2023,Boise,2020-03-25
134,2019-02-03,52,PM2.5,Boise - White Pine Elementary,43.615,-116.2023,16-015-0001,AQS,6.0,32,1,7,52,.,43.615,-116.2023,Boise,2020-03-25
135,2019-02-04,43,PM2.5,Boise - White Pine Elementary,43.615,-116.2023,16-015-0001,AQS,7.0,31,1,7,43,.,43.615,-116.2023,Boise,2020-03-25
136,2019-02-05,35,PM2.5,Boise - White Pine Elementary,43.615,-116.2023,16-015-0001,AQS,7.0,26,1,8,35,.,43.615,-116.2023,Boise,2020-03-25
137,2019-02-06,33,Ozone,Boise - White Pine Elementary,43.615,-116.2023,16-001-0010,AQS,6.0,33,0,10,22,.,43.615,-116.2023,Boise,2020-03-25
138,2019-02-07,42,PM2.5,Boise - White Pine Elementary,43.615,-116.2023,16-015-0001,AQS,6.0,32,0,11,42,.,43.615,-116.2023,Boise,2020-03-25
139,2019-02-08,34,Ozone,Boise - White Pine Elementary,43.615,-116.2023,16-001-0010,AQS,6.0,34,0,9,28,.,43.615,-116.2023,Boise,2020-03-25
140,2019-02-09,38,PM2.5,Boise - White Pine Elementary,43.615,-116.2023,16-015-0001,AQS,6.0,38,1,15,38,.,43.615,-116.2023,Boise,2020-03-25
141,2019-02-10,40,Ozone,Boise - White Pine Elementary,43.615,-116.2023,16-001-0010,AQS,6.0,40,1,7,31,.,43.615,-116.2023,Boise,2020-03-25
142,2019-02-11,53,PM2.5,Boise - White Pine Elementary,43.615,-116.2023,16-015-0001,AQS,6.0,32,0,12,53,.,43.615,-116.2023,Boise,2020-03-25
143,2019-02-12,60,PM2.5,Boise - White Pine Elementary,43.615,-116.2023,16-015-0001,AQS,7.0,38,0,10,60,.,43.615,-116.2023,Boise,2020-03-25
144,2019-02-13,68,PM2.5,Boise - White Pine Elementary,43.615,-116.2023,16-015-0001,AQS,10.0,37,0,5,68,.,43.615,-116.2023,Boise,2020-03-25
145,2019-02-14,88,PM2.5,Boise - White Pine Elementary,43.615,-116.2023,16-015-0001,AQS,10.0,34,1,6,88,.,43.615,-116.2023,Boise,2020-03-25
146,2019-02-15,53,PM2.5,Boise - White Pine Elementary,43.615,-116.2023,16-015-0001,AQS,8.0,34,1,9,53,.,43.615,-116.2023,Boise,2020-03-25
147,2019-02-16,32,Ozone,Boise - White Pine Elementary,43.615,-116.2023,16-001-0010,AQS,8.0,32,0,7,27,.,43.615,-116.2023,Boise,2020-03-25
148,2019-02-17,51,PM2.5,Boise - White Pine Elementary,43.615,-116.2023,16-027-0002,AQS,8.0,31,0,6,51,.,43.615,-116.2023,Boise,2020-03-25
149,2019-02-18,38,PM2.5,Boise - White Pine Elementary,43.615,-116.2023,16-015-0001,AQS,7.0,35,0,8,38,.,43.615,-116.2023,Boise,2020-03-25
150,2019-02-19,40,PM2.5,Boise - White Pine Elementary,43.615,-116.2023,16-015-0001,AQS,8.0,30,1,16,40,.,43.615,-116.2023,Boise,2020-03-25
151,2019-02-20,36,PM2.5,Boise - White Pine Elementary,43.615,-116.2023,16-015-0001,AQS,8.0,.,1,12,36,.,43.615,-116.2023,Boise,2020-03-25
152,2019-02-21,47,PM2.5,Boise - White Pine Elementary,43.615,-116.2023,16-015-0001,AQS,8.0,.,0,10,47,.,43.615,-116.2023,Boise,2020-03-25
153,2019-02-22,40,PM2.5,Boise - White Pine Elementary,43.615,-116.2023,16-015-0001,AQS,8.0,31,3,14,40,.,43.615,-116.2023,Boise,2020-03-25
154,2019-02-23,41,PM2.5,Boise - White Pine Elementary,43.615,-116.2023,16-015-0001,AQS,8.0,31,0,6,41,.,43.615,-116.2023,Boise,2020-03-25
155,2019-02-24,52,PM2.5,Boise - White Pine Elementary,43.615,-116.2023,16-015-0001,AQS,7.0,31,0,6,52,.,43.615,-116.2023,Boise,2020-03-25
156,2019-02-25,60,PM2.5,Boise - White Pine Elementary,43.615,-116.2023,16-015-0001,AQS,7.0,30,1,22,60,.,43.615,-116.2023,Boise,2020-03-25
157,2019-02-26,45,PM2.5,Boise - White Pine Elementary,43.615,-116.2023,16-015-0001,AQS,7.0,29,0,6,45,.,43.615,-116.2023,Boise,2020-03-25
158,2019-02-27,64,PM2.5,Boise - White Pine Elementary,43.615,-116.2023,16-015-0001,AQS,9.0,20,1,14,64,.,43.615,-116.2023,Boise,2020-03-25
159,2019-02-28,39,PM2.5,Boise - White Pine Elementary,43.615,-116.2023,16-015-0001,AQS,8.0,34,1,10,39,.,43.615,-116.2023,Boise,2020-03-25
160,2019-03-01,38,PM2.5,Boise - White Pine Elementary,43.615,-116.2023,16-015-0001,AQS,9.0,35,1,16,38,.,43.615,-116.2023,Boise,2020-03-25
161,2019-03-02,40,PM2.5,Boise - White Pine Elementary,43.615,-116.2023,16-027-0002,AQS,9.0,33,1,17,40,.,43.615,-116.2023,Boise,2020-03-25
162,2019-03-03,40,PM2.5,Boise - White Pine Elementary,43.615,-116.2023,16-015-0001,AQS,8.0,33,1,14,40,.,43.615,-116.2023,Boise,2020-03-25
163,2019-03-04,43,PM2.5,Boise - White Pine Elementary,43.615,-116.2023,16-015-0001,AQS,7.0,32,0,13,43,.,43.615,-116.2023,Boise,2020-03-25
164,2019-03-05,35,PM2.5,Boise - White Pine Elementary,43.615,-116.2023,16-015-0001,AQS,8.0,30,0,15,35,.,43.615,-116.2023,Boise,2020-03-25
165,2019-03-06,46,PM2.5,Boise - White Pine Elementary,43.615,-116.2023,16-015-0001,AQS,9.0,29,1,10,46,.,43.615,-116.2023,Boise,2020-03-25
166,2019-03-07,48,PM2.5,Boise - White Pine Elementary,43.615,-116.2023,16-015-0001,AQS,7.0,34,1,6,48,.,43.615,-116.2023,Boise,2020-03-25
167,2019-03-08,37,Ozone,Boise - White Pine Elementary,43.615,-116.2023,16-001-0010,AQS,7.0,37,1,8,33,.,43.615,-116.2023,Boise,2020-03-25
168,2019-03-09,35,Ozone,Boise - White Pine Elementary,43.615,-116.2023,16-001-0010,AQS,2.0,35,1,9,30,.,43.615,-116.2023,Boise,2020-03-25
169,2019-03-10,35,Ozone,Boise - White Pine Elementary,43.615,-116.2023,16-001-0010,AQS,2.0,35,3,9,25,.,43.615,-116.2023,Boise,2020-03-25
170,2019-03-11,34,Ozone,Boise - White Pine Elementary,43.615,-116.2023,16-001-0010,AQS,8.0,34,3,19,30,.,43.615,-116.2023,Boise,2020-03-25
171,2019-03-12,31,Ozone,Boise - White Pine Elementary,43.615,-116.2023,16-001-0010,AQS,7.0,31,1,10,22,.,43.615,-116.2023,Boise,2020-03-25
172,2019-03-13,35,Ozone,Boise - White Pine Elementary,43.615,-116.2023,16-001-0010,AQS,6.0,35,0,10,31,.,43.615,-116.2023,Boise,2020-03-25
173,2019-03-14,37,Ozone,Boise - White Pine Elementary,43.615,-116.2023,16-001-0010,AQS,7.0,37,0,11,28,.,43.615,-116.2023,Boise,2020-03-25
174,2019-03-15,35,Ozone,Boise - White Pine Elementary,43.615,-116.2023,16-001-0010,AQS,9.0,35,1,19,31,.,43.615,-116.2023,Boise,2020-03-25
175,2019-03-16,39,Ozone,Boise - White Pine Elementary,43.615,-116.2023,16-001-0010,AQS,9.0,39,1,17,33,.,43.615,-116.2023,Boise,2020-03-25
176,2019-03-17,45,PM2.5,Boise - White Pine Elementary,43.615,-116.2023,16-015-0001,AQS,9.0,37,0,19,45,.,43.615,-116.2023,Boise,2020-03-25
177,2019-03-18,47,PM2.5,Boise - White Pine Elementary,43.615,-116.2023,16-015-0001,AQS,10.0,37,1,29,47,.,43.615,-116.2023,Boise,2020-03-25
178,2019-03-19,42,Ozone,Boise - White Pine Elementary,43.615,-116.2023,16-001-0010,AQS,10.0,42,0,26,33,.,43.615,-116.2023,Boise,2020-03-25
179,2019-03-20,42,Ozone,Boise - White Pine Elementary,43.615,-116.2023,16-001-0010,AQS,6.0,42,1,28,40,.,43.615,-116.2023,Boise,2020-03-25
180,2019-03-21,39,Ozone,Boise - White Pine Elementary,43.615,-116.2023,16-001-0010,AQS,6.0,39,3,28,36,.,43.615,-116.2023,Boise,2020-03-25
181,2019-03-22,36,PM2.5,Boise - White Pine Elementary,43.615,-116.2023,16-015-0001,AQS,7.0,33,1,28,36,.,43.615,-116.2023,Boise,2020-03-25
182,2019-03-23,35,PM2.5,Boise - White Pine Elementary,43.615,-116.2023,16-015-0001,AQS,9.0,34,1,9,35,.,43.615,-116.2023,Boise,2020-03-25
183,2019-03-24,32,PM2.5,Boise - White Pine Elementary,43.615,-116.2023,16-015-0001,AQS,6.0,32,1,6,32,.,43.615,-116.2023,Boise,2020-03-25
184,2019-03-25,45,PM2.5,Boise - White Pine Elementary,43.615,-116.2023,16-015-0001,AQS,5.0,39,1,14,45,.,43.615,-116.2023,Boise,2020-03-25
185,2019-03-26,47,PM2.5,Boise - White Pine Elementary,43.615,-116.2023,16-015-0001,AQS,6.0,33,1,16,47,.,43.615,-116.2023,Boise,2020-03-25
186,2019-03-27,33,Ozone,Boise - White Pine Elementary,43.615,-116.2023,16-001-0010,AQS,6.0,33,1,11,25,.,43.615,-116.2023,Boise,2020-03-25
187,2019-03-28,39,Ozone,Boise - White Pine Elementary,43.615,-116.2023,16-001-0010,AQS,6.0,39,1,7,25,.,43.615,-116.2023,Boise,2020-03-25
188,2019-03-29,38,Ozone,Boise - White Pine Elementary,43.615,-116.2023,16-001-0010,AQS,5.0,38,1,12,31,.,43.615,-116.2023,Boise,2020-03-25
189,2019-03-30,36,Ozone,Boise - White Pine Elementary,43.615,-116.2023,16-001-0010,AQS,7.0,36,1,13,30,.,43.615,-116.2023,Boise,2020-03-25
190,2019-03-31,41,Ozone,Boise - White Pine Elementary,43.615,-116.2023,16-001-0010,AQS,7.0,41,1,12,30,.,43.615,-116.2023,Boise,2020-03-25
191,2019-04-01,36,Ozone,Boise - White Pine Elementary,43.615,-116.2023,16-001-0010,AQS,7.0,36,1,13,28,18,43.615,-116.2023,Boise,2020-03-25
192,2019-04-02,26,Ozone,Boise - White Pine Elementary,43.615,-116.2023,16-001-0010,AQS,8.0,26,1,13,24,24,43.615,-116.2023,Boise,2020-03-25
193,2019-04-03,27,PM2.5,Boise - White Pine Elementary,43.615,-116.2023,16-001-0010,AQS,6.0,27,1,10,27,17,43.615,-116.2023,Boise,2020-03-25
194,2019-04-04,31,Ozone,Boise - White Pine Elementary,43.615,-116.2023,16-001-0010,AQS,7.0,31,0,10,22,17,43.615,-116.2023,Boise,2020-03-25
195,2019-04-05,35,Ozone,Boise - White Pine Elementary,43.615,-116.2023,16-001-0010,AQS,6.0,35,0,9,25,21,43.615,-116.2023,Boise,2020-03-25
196,2019-04-06,36,Ozone,Boise - White Pine Elementary,43.615,-116.2023,16-001-0010,AQS,6.0,36,0,9,20,16,43.615,-116.2023,Boise,2020-03-25
197,2019-04-07,33,PM2.5,Boise - White Pine Elementary,43.615,-116.2023,16-027-0002,AQS,6.0,31,0,12,33,12,43.615,-116.2023,Boise,2020-03-25
198,2019-04-08,31,Ozone,Boise - White Pine Elementary,43.615,-116.2023,16-001-0010,AQS,8.0,31,0,13,18,10,43.615,-116.2023,Boise,2020-03-25
199,2019-04-09,39,Ozone,Boise - White Pine Elementary,43.615,-116.2023,16-001-0010,AQS,6.0,39,0,6,14,6,43.615,-116.2023,Boise,2020-03-25
200,2019-04-10,38,Ozone,Boise - White Pine Elementary,43.615,-116.2023,16-001-0010,AQS,5.0,38,0,9,16,4,43.615,-116.2023,Boise,2020-03-25
201,2019-04-11,32,Ozone,Boise - White Pine Elementary,43.615,-116.2023,16-001-0010,AQS,5.0,32,0,6,16,11,43.615,-116.2023,Boise,2020-03-25
202,2019-04-12,37,Ozone,Boise - White Pine Elementary,43.615,-116.2023,16-001-0010,AQS,7.0,37,0,9,13,21,43.615,-116.2023,Boise,2020-03-25
203,2019-04-13,44,Ozone,Boise - White Pine Elementary,43.615,-116.2023,16-001-0010,AQS,7.0,44,0,9,24,18,43.615,-116.2023,Boise,2020-03-25
204,2019-04-14,37,Ozone,Boise - White Pine Elementary,43.615,-116.2023,16-001-0010,AQS,6.0,37,0,4,19,4,43.615,-116.2023,Boise,2020-03-25
205,2019-04-15,41,Ozone,Boise - White Pine Elementary,43.615,-116.2023,16-001-0010,AQS,6.0,41,0,6,29,15,43.615,-116.2023,Boise,2020-03-25
206,2019-04-16,37,Ozone,Boise - White Pine Elementary,43.615,-116.2023,16-001-0010,AQS,6.0,37,0,9,23,22,43.615,-116.2023,Boise,2020-03-25
207,2019-04-17,34,Ozone,Boise - White Pine Elementary,43.615,-116.2023,16-001-0010,AQS,7.0,34,0,12,26,.,43.615,-116.2023,Boise,2020-03-25
208,2019-04-18,37,Ozone,Boise - White Pine Elementary,43.615,-116.2023,16-001-0010,AQS,7.0,37,0,18,33,.,43.615,-116.2023,Boise,2020-03-25
209,2019-04-19,33,Ozone,Boise - White Pine Elementary,43.615,-116.2023,16-001-0010,AQS,8.0,33,0,19,28,21,43.615,-116.2023,Boise,2020-03-25
210,2019-04-20,31,Ozone,Boise - White Pine Elementary,43.615,-116.2023,16-001-0010,AQS,7.0,31,0,8,25,7,43.615,-116.2023,Boise,2020-03-25
211,2019-04-21,35,Ozone,Boise - White Pine Elementary,43.615,-116.2023,16-001-0010,AQS,5.0,35,0,9,23,2,43.615,-116.2023,Boise,2020-03-25
212,2019-04-22,38,Ozone,Boise - White Pine Elementary,43.615,-116.2023,16-001-0010,AQS,6.0,38,0,16,33,22,43.615,-116.2023,Boise,2020-03-25
213,2019-04-23,38,PM2.5,Boise - White Pine Elementary,43.615,-116.2023,16-001-0010,AQS,6.0,31,1,19,38,20,43.615,-116.2023,Boise,2020-03-25
214,2019-04-24,44,Ozone,Boise - White Pine Elementary,43.615,-116.2023,16-001-0010,AQS,6.0,44,0,15,34,11,43.615,-116.2023,Boise,2020-03-25
215,2019-04-25,49,Ozone,Boise - White Pine Elementary,43.615,-116.2023,16-001-0010,AQS,7.0,49,0,25,38,22,43.615,-116.2023,Boise,2020-03-25
216,2019-04-26,45,Ozone,Boise - White Pine Elementary,43.615,-116.2023,16-001-0010,AQS,7.0,45,0,27,40,19,43.615,-116.2023,Boise,2020-03-25
217,2019-04-27,48,Ozone,Boise - White Pine Elementary,43.615,-116.2023,16-001-0010,AQS,7.0,48,0,35,40,18,43.615,-116.2023,Boise,2020-03-25
218,2019-04-28,39,Ozone,Boise - White Pine Elementary,43.615,-116.2023,16-001-0010,AQS,7.0,39,0,10,20,4,43.615,-116.2023,Boise,2020-03-25
219,2019-04-29,41,Ozone,Boise - White Pine Elementary,43.615,-116.2023,16-001-0010,AQS,6.0,41,0,17,20,14,43.615,-116.2023,Boise,2020-03-25
220,2019-04-30,43,Ozone,Boise - White Pine Elementary,43.615,-116.2023,16-001-0010,AQS,6.0,43,0,21,22,8,43.615,-116.2023,Boise,2020-03-25
221,2019-05-01,46,Ozone,Boise - White Pine Elementary,43.615,-116.2023,16-001-0010,AQS,7.0,46,0,22,25,22,43.615,-116.2023,Boise,2020-03-25
222,2019-05-02,46,Ozone,Boise - White Pine Elementary,43.615,-116.2023,16-001-0010,AQS,6.0,46,0,23,35,25,43.615,-116.2023,Boise,2020-03-25
223,2019-05-03,46,Ozone,Boise - White Pine Elementary,43.615,-116.2023,16-001-0010,AQS,9.0,46,0,27,25,35,43.615,-116.2023,Boise,2020-03-25
224,2019-05-04,44,Ozone,Boise - White Pine Elementary,43.615,-116.2023,16-001-0010,AQS,9.0,44,0,27,28,23,43.615,-116.2023,Boise,2020-03-25
225,2019-05-05,43,Ozone,Boise - White Pine Elementary,43.615,-116.2023,16-001-0010,AQS,9.0,43,0,20,28,20,43.615,-116.2023,Boise,2020-03-25
226,2019-05-06,40,Ozone,Boise - White Pine Elementary,43.615,-116.2023,16-001-0010,AQS,7.0,40,0,26,19,13,43.615,-116.2023,Boise,2020-03-25
227,2019-05-07,42,PM10,Boise - White Pine Elementary,43.615,-116.2023,16-027-0002,AQS,7.0,40,0,42,25,9,43.615,-116.2023,Boise,2020-03-25
228,2019-05-08,38,Ozone,Boise - White Pine Elementary,43.615,-116.2023,16-001-0010,AQS,7.0,38,0,24,22,8,43.615,-116.2023,Boise,2020-03-25
229,2019-05-09,39,Ozone,Boise - White Pine Elementary,43.615,-116.2023,16-001-0010,AirNow,7.0,39,0,19,23,17,43.615,-116.2023,Boise,2020-03-25
230,2019-05-10,45,Ozone,Boise - White Pine Elementary,43.615,-116.2023,16-001-0010,AirNow,7.0,45,0,20,27,30,43.615,-116.2023,Boise,2020-03-25
231,2019-05-11,49,Ozone,Boise - White Pine Elementary,43.615,-116.2023,16-001-0010,AirNow,8.0,49,0,28,42,34,43.615,-116.2023,Boise,2020-03-25
232,2019-05-12,49,Ozone,Boise - White Pine Elementary,43.615,-116.2023,16-001-0010,AirNow,8.0,49,0,27,45,25,43.615,-116.2023,Boise,2020-03-25
233,2019-05-13,54,Ozone,Boise - White Pine Elementary,43.615,-116.2023,16-001-0010,AirNow,8.0,54,0,32,52,19,43.615,-116.2023,Boise,2020-03-25
234,2019-05-14,58,Ozone,Boise - White Pine Elementary,43.615,-116.2023,16-001-0010,AirNow,7.0,58,0,40,52,18,43.615,-116.2023,Boise,2020-03-25
235,2019-05-15,47,PM2.5,Boise - White Pine Elementary,43.615,-116.2023,16-001-0010,AQS,7.0,36,0,28,47,15,43.615,-116.2023,Boise,2020-03-25
236,2019-05-16,40,PM2.5,Boise - White Pine Elementary,43.615,-116.2023,16-001-0010,AQS,7.0,31,0,11,40,10,43.615,-116.2023,Boise,2020-03-25
237,2019-05-17,37,PM2.5,Boise - White Pine Elementary,43.615,-116.2023,16-001-0010,AQS,7.0,34,0,9,37,19,43.615,-116.2023,Boise,2020-03-25
238,2019-05-18,44,Ozone,Boise - White Pine Elementary,43.615,-116.2023,16-001-0010,AirNow,8.0,44,0,10,40,16,43.615,-116.2023,Boise,2020-03-25
239,2019-05-19,33,Ozone,Boise - White Pine Elementary,43.615,-116.2023,16-001-0010,AirNow,8.0,33,0,6,21,6,43.615,-116.2023,Boise,2020-03-25
240,2019-05-20,10,Ozone,Boise - White Pine Elementary,43.615,-116.2023,16-001-0017,AQS,7.0,10,0,5,9,8,43.615,-116.2023,Boise,2020-03-25
241,2019-05-21,38,Ozone,Boise - White Pine Elementary,43.615,-116.2023,16-001-0010,AQS,7.0,38,0,6,15,8,43.615,-116.2023,Boise,2020-03-25
242,2019-05-22,23,Ozone,Boise - White Pine Elementary,43.615,-116.2023,16-001-0010,AQS,8.0,23,0,8,22,8,43.615,-116.2023,Boise,2020-03-25
243,2019-05-23,37,Ozone,Boise - White Pine Elementary,43.615,-116.2023,16-001-0010,AQS,8.0,37,0,10,28,7,43.615,-116.2023,Boise,2020-03-25
244,2019-05-24,36,Ozone,Boise - White Pine Elementary,43.615,-116.2023,16-001-0010,AQS,9.0,36,0,15,28,13,43.615,-116.2023,Boise,2020-03-25
245,2019-05-25,41,Ozone,Boise - White Pine Elementary,43.615,-116.2023,16-001-0010,AQS,8.0,41,0,8,30,6,43.615,-116.2023,Boise,2020-03-25
246,2019-05-26,50,PM2.5,Boise - White Pine Elementary,43.615,-116.2023,16-001-0010,AQS,8.0,42,0,12,50,13,43.615,-116.2023,Boise,2020-03-25
247,2019-05-27,38,Ozone,Boise - White Pine Elementary,43.615,-116.2023,16-001-0010,AQS,9.0,38,0,14,35,14,43.615,-116.2023,Boise,2020-03-25
248,2019-05-28,38,Ozone,Boise - White Pine Elementary,43.615,-116.2023,16-001-0010,AQS,7.0,38,0,13,28,5,43.615,-116.2023,Boise,2020-03-25
249,2019-05-29,44,Ozone,Boise - White Pine Elementary,43.615,-116.2023,16-001-0010,AQS,8.0,44,0,12,25,16,43.615,-116.2023,Boise,2020-03-25
250,2019-05-30,40,Ozone,Boise - White Pine Elementary,43.615,-116.2023,16-001-0010,AQS,9.0,40,0,9,27,16,43.615,-116.2023,Boise,2020-03-25
251,2019-05-31,46,Ozone,Boise - White Pine Elementary,43.615,-116.2023,16-001-0010,AQS,9.0,46,0,5,26,13,43.615,-116.2023,Boise,2020-03-25
252,2019-06-01,51,PM2.5,Boise - White Pine Elementary,43.615,-116.2023,16-027-0002,AQS,10.0,47,0,5,51,13,43.615,-116.2023,Boise,2020-03-25
253,2019-06-02,54,Ozone,Boise - White Pine Elementary,43.615,-116.2023,16-001-0010,AQS,10.0,54,0,6,28,8,43.615,-116.2023,Boise,2020-03-25
254,2019-06-03,50,Ozone,Boise - White Pine Elementary,43.615,-116.2023,16-001-0010,AQS,10.0,50,0,13,31,30,43.615,-116.2023,Boise,2020-03-25
255,2019-06-04,43,Ozone,Boise - White Pine Elementary,43.615,-116.2023,16-001-0010,AQS,8.0,43,0,14,25,18,43.615,-116.2023,Boise,2020-03-25
256,2019-06-05,49,Ozone,Boise - White Pine Elementary,43.615,-116.2023,16-001-0010,AQS,10.0,49,0,12,25,17,43.615,-116.2023,Boise,2020-03-25
257,2019-06-06,39,Ozone,Boise - White Pine Elementary,43.615,-116.2023,16-001-0017,AQS,8.0,39,0,25,23,7,43.615,-116.2023,Boise,2020-03-25
258,2019-06-07,33,Ozone,Boise - White Pine Elementary,43.615,-116.2023,16-001-0017,AQS,7.0,33,0,6,16,9,43.615,-116.2023,Boise,2020-03-25
259,2019-06-08,31,Ozone,Boise - White Pine Elementary,43.615,-116.2023,16-001-0010,AQS,7.0,31,0,5,20,24,43.615,-116.2023,Boise,2020-03-25
260,2019-06-09,38,Ozone,Boise - White Pine Elementary,43.615,-116.2023,16-001-0017,AQS,8.0,38,0,7,16,15,43.615,-116.2023,Boise,2020-03-25
261,2019-06-10,43,Ozone,Boise - White Pine Elementary,43.615,-116.2023,16-001-0017,AQS,8.0,43,0,11,23,22,43.615,-116.2023,Boise,2020-03-25
262,2019-06-11,39,Ozone,Boise - White Pine Elementary,43.615,-116.2023,16-001-0017,AQS,8.0,39,0,15,30,24,43.615,-116.2023,Boise,2020-03-25
263,2019-06-12,42,Ozone,Boise - White Pine Elementary,43.615,-116.2023,16-001-0017,AQS,8.0,42,0,19,37,18,43.615,-116.2023,Boise,2020-03-25
264,2019-06-13,48,Ozone,Boise - White Pine Elementary,43.615,-116.2023,16-001-0017,AQS,8.0,48,0,12,28,19,43.615,-116.2023,Boise,2020-03-25
265,2019-06-14,43,Ozone,Boise - White Pine Elementary,43.615,-116.2023,16-001-0010,AQS,9.0,43,0,15,30,26,43.615,-116.2023,Boise,2020-03-25
266,2019-06-15,77,Ozone,Boise - White Pine Elementary,43.615,-116.2023,16-001-0017,AQS,9.0,77,0,13,34,37,43.615,-116.2023,Boise,2020-03-25
267,2019-06-16,48,Ozone,Boise - White Pine Elementary,43.615,-116.2023,16-001-0010,AQS,11.0,48,0,12,33,26,43.615,-116.2023,Boise,2020-03-25
268,2019-06-17,47,Ozone,Boise - White Pine Elementary,43.615,-116.2023,16-001-0017,AQS,8.0,47,0,16,35,21,43.615,-116.2023,Boise,2020-03-25
269,2019-06-18,43,Ozone,Boise - White Pine Elementary,43.615,-116.2023,16-001-0010,AQS,7.0,43,0,15,31,9,43.615,-116.2023,Boise,2020-03-25
270,2019-06-19,45,Ozone,Boise - White Pine Elementary,43.615,-116.2023,16-001-0010,AQS,7.0,45,0,14,29,8,43.615,-116.2023,Boise,2020-03-25
271,2019-06-20,30,Ozone,Boise - White Pine Elementary,43.615,-116.2023,16-001-0010,AQS,6.0,30,0,11,22,11,43.615,-116.2023,Boise,2020-03-25
272,2019-06-21,30,Ozone,Boise - White Pine Elementary,43.615,-116.2023,16-001-0010,AQS,7.0,30,0,9,23,13,43.615,-116.2023,Boise,2020-03-25
273,2019-06-22,35,Ozone,Boise - White Pine Elementary,43.615,-116.2023,16-001-0010,AQS,9.0,35,0,8,28,27,43.615,-116.2023,Boise,2020-03-25
274,2019-06-23,37,Ozone,Boise - White Pine Elementary,43.615,-116.2023,16-001-0010,AQS,10.0,37,0,7,29,8,43.615,-116.2023,Boise,2020-03-25
275,2019-06-24,31,Ozone,Boise - White Pine Elementary,43.615,-116.2023,16-001-0010,AQS,7.0,31,0,9,26,19,43.615,-116.2023,Boise,2020-03-25
276,2019-06-25,36,Ozone,Boise - White Pine Elementary,43.615,-116.2023,16-001-0010,AQS,8.0,36,0,17,25,13,43.615,-116.2023,Boise,2020-03-25
277,2019-06-26,40,PM2.5,Boise - White Pine Elementary,43.615,-116.2023,16-015-0001,AQS,8.0,38,0,20,40,15,43.615,-116.2023,Boise,2020-03-25
278,2019-06-27,44,Ozone,Boise - White Pine Elementary,43.615,-116.2023,16-001-0010,AQS,7.0,44,0,12,19,6,43.615,-116.2023,Boise,2020-03-25
279,2019-06-28,33,PM2.5,Boise - White Pine Elementary,43.615,-116.2023,16-027-0002,AQS,9.0,31,0,18,33,33,43.615,-116.2023,Boise,2020-03-25
280,2019-06-29,49,Ozone,Boise - White Pine Elementary,43.615,-116.2023,16-001-0010,AQS,10.0,49,0,16,32,17,43.615,-116.2023,Boise,2020-03-25
281,2019-06-30,44,Ozone,Boise - White Pine Elementary,43.615,-116.2023,16-001-0010,AQS,8.0,44,0,21,28,24,43.615,-116.2023,Boise,2020-03-25
282,2019-07-01,51,Ozone,Boise - White Pine Elementary,43.615,-116.2023,16-001-0017,AQS,9.0,51,0,.,33,22,43.615,-116.2023,Boise,2020-03-25
283,2019-07-02,38,Ozone,Boise - White Pine Elementary,43.615,-116.2023,16-001-0010,AQS,8.0,38,0,25,32,8,43.615,-116.2023,Boise,2020-03-25
284,2019-07-03,40,Ozone,Boise - White Pine Elementary,43.615,-116.2023,16-001-0010,AQS,8.0,40,0,22,27,7,43.615,-116.2023,Boise,2020-03-25
285,2019-07-04,100,PM2.5,Boise - White Pine Elementary,43.615,-116.2023,16-001-0010,AQS,8.0,45,3,49,100,33,43.615,-116.2023,Boise,2020-03-25
286,2019-07-05,46,Ozone,Boise - White Pine Elementary,43.615,-116.2023,16-001-0010,AQS,9.0,46,0,22,37,21,43.615,-116.2023,Boise,2020-03-25
287,2019-07-06,44,Ozone,Boise - White Pine Elementary,43.615,-116.2023,16-001-0010,AQS,9.0,44,0,24,30,9,43.615,-116.2023,Boise,2020-03-25
288,2019-07-07,39,Ozone,Boise - White Pine Elementary,43.615,-116.2023,16-001-0010,AQS,9.0,39,1,20,33,14,43.615,-116.2023,Boise,2020-03-25
289,2019-07-08,40,PM2.5,Boise - White Pine Elementary,43.615,-116.2023,16-015-0002,AQS,9.0,39,0,19,40,15,43.615,-116.2023,Boise,2020-03-25
290,2019-07-09,44,Ozone,Boise - White Pine Elementary,43.615,-116.2023,16-001-0010,AQS,9.0,44,0,23,34,17,43.615,-116.2023,Boise,2020-03-25
291,2019-07-10,47,Ozone,Boise - White Pine Elementary,43.615,-116.2023,16-001-0010,AQS,9.0,47,0,35,39,20,43.615,-116.2023,Boise,2020-03-25
292,2019-07-11,43,PM2.5,Boise - White Pine Elementary,43.615,-116.2023,16-001-0010,AQS,9.0,32,0,29,43,20,43.615,-116.2023,Boise,2020-03-25
293,2019-07-12,35,PM2.5,Boise - White Pine Elementary,43.615,-116.2023,16-001-0010,AQS,9.0,32,0,30,35,.,43.615,-116.2023,Boise,2020-03-25
294,2019-07-13,44,Ozone,Boise - White Pine Elementary,43.615,-116.2023,16-001-0010,AQS,9.0,44,0,23,32,.,43.615,-116.2023,Boise,2020-03-25
295,2019-07-14,48,PM10,Boise - White Pine Elementary,43.615,-116.2023,16-027-0002,AQS,10.0,36,0,48,40,.,43.615,-116.2023,Boise,2020-03-25
296,2019-07-15,42,Ozone,Boise - White Pine Elementary,43.615,-116.2023,16-001-0010,AQS,8.0,42,0,30,29,.,43.615,-116.2023,Boise,2020-03-25
297,2019-07-16,34,PM2.5,Boise - White Pine Elementary,43.615,-116.2023,16-001-0010,AQS,8.0,32,0,19,34,.,43.615,-116.2023,Boise,2020-03-25
298,2019-07-17,41,Ozone,Boise - White Pine Elementary,43.615,-116.2023,16-001-0010,AQS,9.0,41,0,23,30,22,43.615,-116.2023,Boise,2020-03-25
299,2019-07-18,28,Ozone,Boise - White Pine Elementary,43.615,-116.2023,16-001-0010,AQS,9.0,28,0,20,22,12,43.615,-116.2023,Boise,2020-03-25
300,2019-07-19,42,Ozone,Boise - White Pine Elementary,43.615,-116.2023,16-001-0010,AQS,9.0,42,0,25,25,8,43.615,-116.2023,Boise,2020-03-25
301,2019-07-20,39,Ozone,Boise - White Pine Elementary,43.615,-116.2023,16-001-0010,AQS,9.0,39,0,23,33,9,43.615,-116.2023,Boise,2020-03-25
302,2019-07-21,51,Ozone,Boise - White Pine Elementary,43.615,-116.2023,16-001-0010,AQS,10.0,51,0,24,38,.,43.615,-116.2023,Boise,2020-03-25
303,2019-07-22,49,Ozone,Boise - White Pine Elementary,43.615,-116.2023,16-001-0010,AQS,10.0,49,0,34,48,.,43.615,-116.2023,Boise,2020-03-25
304,2019-07-23,47,PM2.5,Boise - White Pine Elementary,43.615,-116.2023,16-001-0010,AQS,11.0,36,0,45,47,.,43.615,-116.2023,Boise,2020-03-25
305,2019-07-24,46,Ozone,Boise - White Pine Elementary,43.615,-116.2023,16-001-0010,AQS,9.0,46,0,28,33,.,43.615,-116.2023,Boise,2020-03-25
306,2019-07-25,44,Ozone,Boise - White Pine Elementary,43.615,-116.2023,16-001-0010,AQS,9.0,44,0,27,35,.,43.615,-116.2023,Boise,2020-03-25
307,2019-07-26,43,PM2.5,Boise - White Pine Elementary,43.615,-116.2023,16-001-0010,AQS,13.0,34,0,40,43,.,43.615,-116.2023,Boise,2020-03-25
308,2019-07-27,46,Ozone,Boise - White Pine Elementary,43.615,-116.2023,16-001-0010,AQS,13.0,46,0,28,42,27,43.615,-116.2023,Boise,2020-03-25
309,2019-07-28,45,PM2.5,Boise - White Pine Elementary,43.615,-116.2023,16-015-0001,AQS,11.0,33,0,26,45,9,43.615,-116.2023,Boise,2020-03-25
310,2019-07-29,46,PM2.5,Boise - White Pine Elementary,43.615,-116.2023,16-001-0010,AQS,10.0,45,0,39,46,14,43.615,-116.2023,Boise,2020-03-25
311,2019-07-30,49,Ozone,Boise - White Pine Elementary,43.615,-116.2023,16-001-0010,AQS,10.0,49,0,30,45,25,43.615,-116.2023,Boise,2020-03-25
312,2019-07-31,52,PM2.5,Boise - White Pine Elementary,43.615,-116.2023,16-001-0010,AQS,11.0,51,0,37,52,25,43.615,-116.2023,Boise,2020-03-25
313,2019-08-01,61,Ozone,Boise - White Pine Elementary,43.615,-116.2023,16-001-0010,AQS,14.0,61,0,51,49,.,43.615,-116.2023,Boise,2020-03-25
314,2019-08-02,51,Ozone,Boise - White Pine Elementary,43.615,-116.2023,16-001-0010,AQS,10.0,51,0,42,38,.,43.615,-116.2023,Boise,2020-03-25
315,2019-08-03,40,Ozone,Boise - White Pine Elementary,43.615,-116.2023,16-001-0010,AQS,11.0,40,0,32,36,16,43.615,-116.2023,Boise,2020-03-25
316,2019-08-04,68,PM2.5,Boise - White Pine Elementary,43.615,-116.2023,16-015-0002,AQS,13.0,51,0,35,68,16,43.615,-116.2023,Boise,2020-03-25
317,2019-08-05,64,Ozone,Boise - White Pine Elementary,43.615,-116.2023,16-001-0010,AQS,10.0,64,0,45,44,30,43.615,-116.2023,Boise,2020-03-25
318,2019-08-06,51,PM2.5,Boise - White Pine Elementary,43.615,-116.2023,16-001-0010,AQS,10.0,50,0,48,51,24,43.615,-116.2023,Boise,2020-03-25
319,2019-08-07,48,PM10,Boise - White Pine Elementary,43.615,-116.2023,16-027-0002,AQS,11.0,44,0,48,38,25,43.615,-116.2023,Boise,2020-03-25
320,2019-08-08,48,PM10,Boise - White Pine Elementary,43.615,-116.2023,16-027-0002,AQS,10.0,35,1,48,43,24,43.615,-116.2023,Boise,2020-03-25
321,2019-08-09,47,Ozone,Boise - White Pine Elementary,43.615,-116.2023,16-001-0010,AQS,9.0,47,0,24,32,.,43.615,-116.2023,Boise,2020-03-25
322,2019-08-10,41,Ozone,Boise - White Pine Elementary,43.615,-116.2023,16-001-0010,AQS,9.0,41,0,16,27,15,43.615,-116.2023,Boise,2020-03-25
323,2019-08-11,42,Ozone,Boise - White Pine Elementary,43.615,-116.2023,16-001-0010,AQS,8.0,42,0,11,25,18,43.615,-116.2023,Boise,2020-03-25
324,2019-08-12,39,Ozone,Boise - White Pine Elementary,43.615,-116.2023,16-001-0010,AQS,9.0,39,0,19,31,28,43.615,-116.2023,Boise,2020-03-25
325,2019-08-13,45,Ozone,Boise - White Pine Elementary,43.615,-116.2023,16-001-0010,AQS,11.0,45,0,30,40,35,43.615,-116.2023,Boise,2020-03-25
326,2019-08-14,47,Ozone,Boise - White Pine Elementary,43.615,-116.2023,16-001-0010,AQS,10.0,47,0,33,37,30,43.615,-116.2023,Boise,2020-03-25
327,2019-08-15,37,Ozone,Boise - White Pine Elementary,43.615,-116.2023,16-001-0010,AQS,10.0,37,0,27,30,22,43.615,-116.2023,Boise,2020-03-25
328,2019-08-16,37,Ozone,Boise - White Pine Elementary,43.615,-116.2023,16-001-0010,AQS,10.0,37,.,25,30,34,43.615,-116.2023,Boise,2020-03-25
329,2019-08-17,37,Ozone,Boise - White Pine Elementary,43.615,-116.2023,16-001-0010,AQS,11.0,37,0,25,29,27,43.615,-116.2023,Boise,2020-03-25
330,2019-08-18,42,Ozone,Boise - White Pine Elementary,43.615,-116.2023,16-001-0010,AQS,11.0,42,0,22,27,31,43.615,-116.2023,Boise,2020-03-25
331,2019-08-19,39,Ozone,Boise - White Pine Elementary,43.615,-116.2023,16-001-0010,AQS,11.0,39,0,35,37,25,43.615,-116.2023,Boise,2020-03-25
332,2019-08-20,50,Ozone,Boise - White Pine Elementary,43.615,-116.2023,16-001-0010,AQS,11.0,50,0,44,38,28,43.615,-116.2023,Boise,2020-03-25
333,2019-08-21,68,PM10,Boise - White Pine Elementary,43.615,-116.2023,16-027-0002,AQS,11.0,45,0,68,46,25,43.615,-116.2023,Boise,2020-03-25
334,2019-08-22,31,Ozone,Boise - White Pine Elementary,43.615,-116.2023,16-001-0010,AQS,10.0,31,0,22,23,3,43.615,-116.2023,Boise,2020-03-25
335,2019-08-23,44,Ozone,Boise - White Pine Elementary,43.615,-116.2023,16-001-0010,AQS,11.0,44,0,27,29,26,43.615,-116.2023,Boise,2020-03-25
336,2019-08-24,49,Ozone,Boise - White Pine Elementary,43.615,-116.2023,16-001-0010,AQS,13.0,49,0,26,29,27,43.615,-116.2023,Boise,2020-03-25
337,2019-08-25,39,Ozone,Boise - White Pine Elementary,43.615,-116.2023,16-001-0010,AQS,14.0,39,0,24,25,5,43.615,-116.2023,Boise,2020-03-25
338,2019-08-26,44,Ozone,Boise - White Pine Elementary,43.615,-116.2023,16-001-0010,AQS,9.0,44,0,28,20,31,43.615,-116.2023,Boise,2020-03-25
339,2019-08-27,43,PM10,,43.615,-116.2023,16-001-0009,AQS,10.0,29,.,43,40,.,43.615,-116.2023,Boise,2020-03-25
340,2019-08-28,54,PM10,,43.615,-116.2023,16-001-0009,AQS,13.0,36,0,54,51,34,43.615,-116.2023,Boise,2020-03-25
341,2019-08-29,65,PM10,Nampa - Fire Station,43.615,-116.2023,16-027-0002,AQS,13.0,51,0,65,54,28,43.615,-116.2023,Boise,2020-03-25
342,2019-08-30,44,PM2.5,Idaho City,43.615,-116.2023,16-015-0001,AQS,11.0,38,0,34,44,27,43.615,-116.2023,Boise,2020-03-25
343,2019-08-31,43,PM2.5,Nampa - Fire Station,43.615,-116.2023,16-027-0002,AQS,14.0,40,0,31,43,20,43.615,-116.2023,Boise,2020-03-25
344,2019-09-01,40,Ozone,Meridian - St. Luke's,43.615,-116.2023,16-001-0010,AQS,15.0,40,0,27,34,17,43.615,-116.2023,Boise,2020-03-25
345,2019-09-02,35,Ozone,Meridian - St. Luke's,43.615,-116.2023,16-001-0010,AQS,10.0,35,0,33,30,25,43.615,-116.2023,Boise,2020-03-25
346,2019-09-03,54,PM10,Nampa - Fire Station,43.615,-116.2023,16-027-0002,AQS,11.0,43,0,54,32,31,43.615,-116.2023,Boise,2020-03-25
347,2019-09-04,50,PM10,Nampa - Fire Station,43.615,-116.2023,16-027-0002,AQS,13.0,46,1,50,40,33,43.615,-116.2023,Boise,2020-03-25
348,2019-09-05,58,PM10,Nampa - Fire Station,43.615,-116.2023,16-027-0002,AQS,11.0,44,0,58,48,21,43.615,-116.2023,Boise,2020-03-25
349,2019-09-06,52,PM2.5,Nampa - Fire Station,43.615,-116.2023,16-027-0002,AQS,11.0,47,0,25,52,31,43.615,-116.2023,Boise,2020-03-25
350,2019-09-07,60,PM2.5,Nampa - Fire Station,43.615,-116.2023,16-027-0002,AQS,13.0,58,0,30,60,24,43.615,-116.2023,Boise,2020-03-25
351,2019-09-08,52,PM2.5,Meridian - St. Luke's,43.615,-116.2023,16-001-0010,AQS,13.0,38,0,24,52,12,43.615,-116.2023,Boise,2020-03-25
352,2019-09-09,48,PM2.5,Idaho City,43.615,-116.2023,16-015-0001,AQS,11.0,36,0,17,48,26,43.615,-116.2023,Boise,2020-03-25
353,2019-09-10,33,Ozone,Meridian - St. Luke's,43.615,-116.2023,16-001-0010,AQS,11.0,33,0,17,22,17,43.615,-116.2023,Boise,2020-03-25
354,2019-09-11,36,Ozone,Meridian - St. Luke's,43.615,-116.2023,16-001-0010,AQS,9.0,36,0,15,21,25,43.615,-116.2023,Boise,2020-03-25
355,2019-09-12,40,Ozone,Meridian - St. Luke's,43.615,-116.2023,16-001-0010,AQS,10.0,40,0,19,22,27,43.615,-116.2023,Boise,2020-03-25
356,2019-09-13,40,Ozone,Meridian - St. Luke's,43.615,-116.2023,16-001-0010,AQS,8.0,40,0,21,22,30,43.615,-116.2023,Boise,2020-03-25
357,2019-09-14,42,Ozone,Meridian - St. Luke's,43.615,-116.2023,16-001-0010,AQS,8.0,42,0,26,26,21,43.615,-116.2023,Boise,2020-03-25
358,2019-09-15,52,PM2.5,Nampa - Fire Station,43.615,-116.2023,16-027-0002,AQS,8.0,42,0,30,52,24,43.615,-116.2023,Boise,2020-03-25
359,2019-09-16,43,PM10,Nampa - Fire Station,43.615,-116.2023,16-027-0002,AQS,8.0,41,0,43,30,24,43.615,-116.2023,Boise,2020-03-25
360,2019-09-17,30,Ozone,Meridian - St. Luke's,43.615,-116.2023,16-001-0010,AQS,3.0,30,0,8,15,11,43.615,-116.2023,Boise,2020-03-25
361,2019-09-18,26,PM2.5,Meridian - St. Luke's,43.615,-116.2023,16-001-0010,AQS,6.0,16,0,12,26,14,43.615,-116.2023,Boise,2020-03-25
362,2019-09-19,28,PM2.5,Meridian - St. Luke's,43.615,-116.2023,16-001-0010,AQS,5.0,28,0,13,28,8,43.615,-116.2023,Boise,2020-03-25
363,2019-09-20,31,Ozone,Meridian - St. Luke's,43.615,-116.2023,16-001-0010,AQS,5.0,31,0,11,18,9,43.615,-116.2023,Boise,2020-03-25
364,2019-09-21,30,PM2.5,Nampa - Fire Station,43.615,-116.2023,16-027-0002,AQS,6.0,30,0,14,30,21,43.615,-116.2023,Boise,2020-03-25
365,2019-09-22,31,Ozone,Meridian - St. Luke's,43.615,-116.2023,16-001-0010,AQS,7.0,31,0,12,24,13,43.615,-116.2023,Boise,2020-03-25
366,2019-09-23,27,Ozone,Meridian - St. Luke's,43.615,-116.2023,16-001-0010,AQS,3.0,27,0,14,25,21,43.615,-116.2023,Boise,2020-03-25
367,2019-09-24,28,Ozone,Meridian - St. Luke's,43.615,-116.2023,16-001-0010,AQS,5.0,28,0,19,24,.,43.615,-116.2023,Boise,2020-03-25
368,2019-09-25,34,Ozone,Meridian - St. Luke's,43.615,-116.2023,16-001-0010,AQS,5.0,34,0,19,25,.,43.615,-116.2023,Boise,2020-03-25
369,2019-09-26,37,Ozone,Meridian - St. Luke's,43.615,-116.2023,16-001-0010,AQS,5.0,37,0,26,22,23,43.615,-116.2023,Boise,2020-03-25
370,2019-09-27,35,NO2,Meridian - St. Luke's,43.615,-116.2023,16-001-0010,AQS,6.0,33,0,16,23,35,43.615,-116.2023,Boise,2020-03-25
371,2019-09-28,29,Ozone,Meridian - St. Luke's,43.615,-116.2023,16-001-0010,AQS,6.0,29,0,14,22,13,43.615,-116.2023,Boise,2020-03-25
372,2019-09-29,28,Ozone,Meridian - St. Luke's,43.615,-116.2023,16-001-0010,AQS,3.0,28,0,10,18,22,43.615,-116.2023,Boise,2020-03-25
373,2019-09-30,27,Ozone,Meridian - St. Luke's,43.615,-116.2023,16-001-0010,AQS,5.0,27,0,16,19,18,43.615,-116.2023,Boise,2020-03-25
374,2019-10-01,25,Ozone,Meridian - St. Luke's,43.615,-116.2023,16-001-0010,AQS,5.0,25,0,13,18,8,43.615,-116.2023,Boise,2020-03-25
375,2019-10-02,33,PM2.5,Nampa - Fire Station,43.615,-116.2023,16-027-0002,AQS,3.0,27,1,17,33,18,43.615,-116.2023,Boise,2020-03-25
376,2019-10-03,30,PM2.5,Idaho City,43.615,-116.2023,16-015-0001,AQS,6.0,25,0,21,30,21,43.615,-116.2023,Boise,2020-03-25
377,2019-10-04,38,PM2.5,Garden Valley,43.615,-116.2023,16-015-0002,AQS,6.0,27,0,11,38,25,43.615,-116.2023,Boise,2020-03-25
378,2019-10-05,30,PM2.5,"ADA COUNTY FAIRGROUNDS, ACROSS INTERSECTION OF ALWORTH AND LORIMAR",43.615,-116.2023,16-001-0020,AQS,6.0,30,1,9,30,26,43.615,-116.2023,Boise,2020-03-25
379,2019-10-06,47,PM2.5,Nampa - Fire Station,43.615,-116.2023,16-027-0002,AQS,7.0,31,0,11,47,25,43.615,-116.2023,Boise,2020-03-25
380,2019-10-07,40,PM2.5,"ADA COUNTY FAIRGROUNDS, ACROSS INTERSECTION OF ALWORTH AND LORIMAR",43.615,-116.2023,16-001-0020,AQS,7.0,30,1,23,40,35,43.615,-116.2023,Boise,2020-03-25
381,2019-10-08,30,Ozone,Meridian - St. Luke's,43.615,-116.2023,16-001-0010,AQS,7.0,30,1,18,27,30,43.615,-116.2023,Boise,2020-03-25
382,2019-10-09,26,Ozone,Meridian - St. Luke's,43.615,-116.2023,16-001-0010,AQS,5.0,26,0,9,17,7,43.615,-116.2023,Boise,2020-03-25
383,2019-10-10,32,PM2.5,Meridian - St. Luke's,43.615,-116.2023,16-001-0010,AQS,5.0,26,0,16,32,28,43.615,-116.2023,Boise,2020-03-25
384,2019-10-11,38,PM2.5,"ADA COUNTY FAIRGROUNDS, ACROSS INTERSECTION OF ALWORTH AND LORIMAR",43.615,-116.2023,16-001-0020,AQS,6.0,28,1,22,38,33,43.615,-116.2023,Boise,2020-03-25
385,2019-10-12,41,PM2.5,"ADA COUNTY FAIRGROUNDS, ACROSS INTERSECTION OF ALWORTH AND LORIMAR",43.615,-116.2023,16-001-0020,AQS,7.0,28,0,27,41,27,43.615,-116.2023,Boise,2020-03-25
386,2019-10-13,55,PM2.5,"ADA COUNTY FAIRGROUNDS, ACROSS INTERSECTION OF ALWORTH AND LORIMAR",43.615,-116.2023,16-001-0020,AQS,8.0,25,0,29,55,27,43.615,-116.2023,Boise,2020-03-25
387,2019-10-14,61,PM2.5,Nampa - Fire Station,43.615,-116.2023,16-027-0002,AQS,7.0,0,1,31,61,33,43.615,-116.2023,Boise,2020-03-25
388,2019-10-15,51,PM2.5,Nampa - Fire Station,43.615,-116.2023,16-027-0002,AQS,9.0,19,1,31,51,32,43.615,-116.2023,Boise,2020-03-25
389,2019-10-16,56,PM2.5,Garden Valley,43.615,-116.2023,16-015-0002,AQS,9.0,28,3,44,56,37,43.615,-116.2023,Boise,2020-03-25
390,2019-10-17,36,Ozone,Meridian - St. Luke's,43.615,-116.2023,16-001-0010,AQS,7.0,36,0,19,30,30,43.615,-116.2023,Boise,2020-03-25
391,2019-10-18,34,PM2.5,Nampa - Fire Station,43.615,-116.2023,16-027-0002,AQS,6.0,33,0,15,34,31,43.615,-116.2023,Boise,2020-03-25
392,2019-10-19,37,PM2.5,Idaho City,43.615,-116.2023,16-015-0001,AQS,6.0,33,0,8,37,8,43.615,-116.2023,Boise,2020-03-25
393,2019-10-20,29,PM2.5,Idaho City,43.615,-116.2023,16-015-0001,AQS,3.0,29,0,6,29,15,43.615,-116.2023,Boise,2020-03-25
394,2019-10-21,33,PM2.5,Garden Valley,43.615,-116.2023,16-015-0002,AQS,7.0,28,1,14,33,26,43.615,-116.2023,Boise,2020-03-25
395,2019-10-22,43,PM2.5,Garden Valley,43.615,-116.2023,16-015-0002,AQS,7.0,23,1,15,43,25,43.615,-116.2023,Boise,2020-03-25
396,2019-10-23,40,PM2.5,Garden Valley,43.615,-116.2023,16-015-0002,AQS,7.0,32,0,12,40,19,43.615,-116.2023,Boise,2020-03-25
397,2019-10-24,55,PM2.5,Idaho City,43.615,-116.2023,16-015-0001,AQS,7.0,32,1,19,55,38,43.615,-116.2023,Boise,2020-03-25
398,2019-10-25,68,PM2.5,Idaho City,43.615,-116.2023,16-015-0001,AQS,9.0,29,1,31,68,37,43.615,-116.2023,Boise,2020-03-25
399,2019-10-26,33,PM2.5,Idaho City,43.615,-116.2023,16-015-0001,AQS,9.0,31,0,17,33,23,43.615,-116.2023,Boise,2020-03-25
400,2019-10-27,36,Ozone,Meridian - St. Luke's,43.615,-116.2023,16-001-0010,AQS,5.0,36,0,9,29,20,43.615,-116.2023,Boise,2020-03-25
401,2019-10-28,50,PM2.5,Idaho City,43.615,-116.2023,16-015-0001,AQS,5.0,27,0,14,50,19,43.615,-116.2023,Boise,2020-03-25
402,2019-10-29,33,PM2.5,Idaho City,43.615,-116.2023,16-015-0001,AQS,5.0,29,0,17,33,32,43.615,-116.2023,Boise,2020-03-25
403,2019-10-30,44,PM2.5,Nampa - Fire Station,43.615,-116.2023,16-027-0002,AQS,8.0,27,1,22,44,27,43.615,-116.2023,Boise,2020-03-25
404,2019-10-31,56,PM2.5,"ADA COUNTY FAIRGROUNDS, ACROSS INTERSECTION OF ALWORTH AND LORIMAR",43.615,-116.2023,16-001-0020,AQS,8.0,19,0,35,56,25,43.615,-116.2023,Boise,2020-03-25
405,2019-11-01,65,PM2.5,Nampa - Fire Station,43.615,-116.2023,16-027-0002,AQS,9.0,24,1,40,65,26,43.615,-116.2023,Boise,2020-03-25
406,2019-11-02,77,PM2.5,Nampa - Fire Station,43.615,-116.2023,16-027-0002,AQS,8.0,26,1,31,77,32,43.615,-116.2023,Boise,2020-03-25
407,2019-11-03,85,PM2.5,Nampa - Fire Station,43.615,-116.2023,16-027-0002,AQS,8.0,31,0,32,85,35,43.615,-116.2023,Boise,2020-03-25
408,2019-11-04,87,PM2.5,Nampa - Fire Station,43.615,-116.2023,16-027-0002,AQS,10.0,25,1,48,87,40,43.615,-116.2023,Boise,2020-03-25
409,2019-11-05,84,PM2.5,Nampa - Fire Station,43.615,-116.2023,16-027-0002,AQS,10.0,23,1,56,84,37,43.615,-116.2023,Boise,2020-03-25
410,2019-11-06,67,PM2.5,"ADA COUNTY FAIRGROUNDS, ACROSS INTERSECTION OF ALWORTH AND LORIMAR",43.615,-116.2023,16-001-0020,AQS,10.0,25,1,53,67,.,43.615,-116.2023,Boise,2020-03-25
411,2019-11-07,60,PM2.5,"ADA COUNTY FAIRGROUNDS, ACROSS INTERSECTION OF ALWORTH AND LORIMAR",43.615,-116.2023,16-001-0020,AQS,9.0,19,0,47,60,35,43.615,-116.2023,Boise,2020-03-25
412,2019-11-08,85,PM2.5,Nampa - Fire Station,43.615,-116.2023,16-027-0002,AQS,10.0,19,3,56,85,39,43.615,-116.2023,Boise,2020-03-25
413,2019-11-09,94,PM2.5,Meridian - St. Luke's,43.615,-116.2023,16-001-0010,AQS,10.0,23,1,59,94,38,43.615,-116.2023,Boise,2020-03-25
414,2019-11-10,88,PM2.5,Nampa - Fire Station,43.615,-116.2023,16-027-0002,AQS,11.0,29,0,47,88,30,43.615,-116.2023,Boise,2020-03-25
415,2019-11-11,58,PM2.5,Nampa - Fire Station,43.615,-116.2023,16-027-0002,AQS,7.0,25,0,37,58,37,43.615,-116.2023,Boise,2020-03-25
416,2019-11-12,58,PM2.5,Nampa - Fire Station,43.615,-116.2023,16-027-0002,AQS,10.0,15,.,44,58,28,43.615,-116.2023,Boise,2020-03-25
417,2019-11-13,67,PM2.5,Meridian - St. Luke's,43.615,-116.2023,16-001-0010,AQS,9.0,19,1,55,67,35,43.615,-116.2023,Boise,2020-03-25
418,2019-11-14,77,PM2.5,Nampa - Fire Station,43.615,-116.2023,16-027-0002,AQS,10.0,15,0,50,77,29,43.615,-116.2023,Boise,2020-03-25
419,2019-11-15,81,PM2.5,Nampa - Fire Station,43.615,-116.2023,16-027-0002,AQS,11.0,17,3,55,81,33,43.615,-116.2023,Boise,2020-03-25
420,2019-11-16,61,PM2.5,"ADA COUNTY FAIRGROUNDS, ACROSS INTERSECTION OF ALWORTH AND LORIMAR",43.615,-116.2023,16-001-0020,AQS,11.0,31,0,30,61,33,43.615,-116.2023,Boise,2020-03-25
421,2019-11-17,56,PM2.5,"ADA COUNTY FAIRGROUNDS, ACROSS INTERSECTION OF ALWORTH AND LORIMAR",43.615,-116.2023,16-001-0020,AQS,9.0,24,0,25,56,25,43.615,-116.2023,Boise,2020-03-25
422,2019-11-18,69,PM2.5,"ADA COUNTY FAIRGROUNDS, ACROSS INTERSECTION OF ALWORTH AND LORIMAR",43.615,-116.2023,16-001-0020,AQS,10.0,19,3,49,69,.,43.615,-116.2023,Boise,2020-03-25
423,2019-11-19,58,PM2.5,Meridian - St. Luke's,43.615,-116.2023,16-001-0010,AQS,10.0,26,0,32,58,27,43.615,-116.2023,Boise,2020-03-25
424,2019-11-20,55,PM2.5,Idaho City,43.615,-116.2023,16-015-0001,AQS,10.0,.,.,28,55,.,43.615,-116.2023,Boise,2020-03-25
425,2019-11-21,53,PM2.5,Meridian - St. Luke's,43.615,-116.2023,16-001-0010,AQS,9.0,17,1,31,53,38,43.615,-116.2023,Boise,2020-03-25
426,2019-11-22,65,PM2.5,Meridian - St. Luke's,43.615,-116.2023,16-001-0010,AQS,9.0,19,1,45,65,39,43.615,-116.2023,Boise,2020-03-25
427,2019-11-23,76,PM2.5,Nampa - Fire Station,43.615,-116.2023,16-027-0002,AQS,9.0,18,1,42,76,31,43.615,-116.2023,Boise,2020-03-25
428,2019-11-24,83,PM2.5,Nampa - Fire Station,43.615,-116.2023,16-027-0002,AQS,10.0,12,0,41,83,28,43.615,-116.2023,Boise,2020-03-25
429,2019-11-25,55,PM2.5,"ADA COUNTY FAIRGROUNDS, ACROSS INTERSECTION OF ALWORTH AND LORIMAR",43.615,-116.2023,16-001-0020,AQS,8.0,29,0,32,55,25,43.615,-116.2023,Boise,2020-03-25
430,2019-11-26,54,PM10,Nampa - Fire Station,43.615,-116.2023,16-027-0002,AQS,7.0,32,3,54,49,40,43.615,-116.2023,Boise,2020-03-25
431,2019-11-27,67,PM2.5,Garden Valley,43.615,-116.2023,16-015-0002,AQS,6.0,31,0,31,67,9,43.615,-116.2023,Boise,2020-03-25
432,2019-11-28,104,PM2.5,Garden Valley,43.615,-116.2023,16-015-0002,AQS,6.0,24,0,15,104,26,43.615,-116.2023,Boise,2020-03-25
433,2019-11-29,61,PM2.5,Garden Valley,43.615,-116.2023,16-015-0002,AQS,7.0,21,0,11,61,8,43.615,-116.2023,Boise,2020-03-25
434,2019-11-30,54,PM2.5,Idaho City,43.615,-116.2023,16-015-0001,AQS,7.0,22,1,14,54,26,43.615,-116.2023,Boise,2020-03-25
435,2019-12-01,61,PM2.5,Idaho City,43.615,-116.2023,16-015-0001,AQS,8.0,27,0,12,61,5,43.615,-116.2023,Boise,2020-03-25
436,2019-12-02,71,PM2.5,Idaho City,43.615,-116.2023,16-015-0001,AQS,7.0,24,0,9,71,25,43.615,-116.2023,Boise,2020-03-25
437,2019-12-03,67,PM2.5,"ADA COUNTY FAIRGROUNDS, ACROSS INTERSECTION OF ALWORTH AND LORIMAR",43.615,-116.2023,16-001-0020,AQS,9.0,12,0,23,67,22,43.615,-116.2023,Boise,2020-03-25
438,2019-12-04,68,PM2.5,Nampa - Fire Station,43.615,-116.2023,16-027-0002,AQS,9.0,22,0,24,68,27,43.615,-116.2023,Boise,2020-03-25
439,2019-12-05,58,PM2.5,Idaho City,43.615,-116.2023,16-015-0001,AQS,9.0,14,0,19,58,22,43.615,-116.2023,Boise,2020-03-25
440,2019-12-06,51,PM2.5,Idaho City,43.615,-116.2023,16-015-0001,AQS,9.0,21,0,20,51,8,43.615,-116.2023,Boise,2020-03-25
441,2019-12-07,84,PM2.5,Idaho City,43.615,-116.2023,16-015-0001,AQS,9.0,23,0,8,84,16,43.615,-116.2023,Boise,2020-03-25
442,2019-12-08,38,PM2.5,Garden Valley,43.615,-116.2023,16-015-0002,AQS,8.0,24,0,7,38,11,43.615,-116.2023,Boise,2020-03-25
443,2019-12-09,40,PM2.5,"ADA COUNTY FAIRGROUNDS, ACROSS INTERSECTION OF ALWORTH AND LORIMAR",43.615,-116.2023,16-001-0020,AQS,9.0,20,0,17,40,28,43.615,-116.2023,Boise,2020-03-25
444,2019-12-10,60,PM2.5,Garden Valley,43.615,-116.2023,16-015-0002,AQS,13.0,17,3,23,60,35,43.615,-116.2023,Boise,2020-03-25
445,2019-12-11,165,PM2.5,Idaho City,43.615,-116.2023,16-015-0001,AQS,11.0,19,0,21,165,25,43.615,-116.2023,Boise,2020-03-25
446,2019-12-12,133,PM2.5,Idaho City,43.615,-116.2023,16-015-0001,AQS,10.0,20,0,8,133,25,43.615,-116.2023,Boise,2020-03-25
447,2019-12-13,59,PM2.5,Idaho City,43.615,-116.2023,16-015-0001,AQS,10.0,25,1,12,59,31,43.615,-116.2023,Boise,2020-03-25
448,2019-12-14,48,PM2.5,Idaho City,43.615,-116.2023,16-015-0001,AQS,9.0,29,0,9,48,25,43.615,-116.2023,Boise,2020-03-25
449,2019-12-15,39,PM2.5,Idaho City,43.615,-116.2023,16-015-0001,AQS,9.0,26,0,13,39,16,43.615,-116.2023,Boise,2020-03-25
450,2019-12-16,58,PM2.5,Idaho City,43.615,-116.2023,16-015-0001,AQS,8.0,23,3,24,58,38,43.615,-116.2023,Boise,2020-03-25
451,2019-12-17,43,PM2.5,Idaho City,43.615,-116.2023,16-015-0001,AQS,8.0,24,0,19,43,13,43.615,-116.2023,Boise,2020-03-25
452,2019-12-18,45,PM2.5,Idaho City,43.615,-116.2023,16-015-0001,AQS,9.0,19,1,23,45,33,43.615,-116.2023,Boise,2020-03-25
453,2019-12-19,66,PM2.5,Idaho City,43.615,-116.2023,16-015-0001,AQS,9.0,.,1,17,66,29,43.615,-116.2023,Boise,2020-03-25
454,2019-12-20,67,PM2.5,Idaho City,43.615,-116.2023,16-015-0001,AQS,9.0,26,0,18,67,13,43.615,-116.2023,Boise,2020-03-25
455,2019-12-21,74,PM2.5,Idaho City,43.615,-116.2023,16-015-0001,AQS,9.0,23,0,24,74,9,43.615,-116.2023,Boise,2020-03-25
456,2019-12-22,78,PM2.5,Idaho City,43.615,-116.2023,16-015-0001,AQS,9.0,28,0,20,78,16,43.615,-116.2023,Boise,2020-03-25
457,2019-12-23,54,PM2.5,Idaho City,43.615,-116.2023,16-015-0001,AQS,6.0,21,1,15,54,29,43.615,-116.2023,Boise,2020-03-25
458,2019-12-24,48,PM2.5,Idaho City,43.615,-116.2023,16-015-0001,AQS,6.0,20,0,10,48,17,43.615,-116.2023,Boise,2020-03-25
459,2019-12-25,48,PM2.5,Nampa - Fire Station,43.615,-116.2023,16-027-0002,AQS,6.0,15,0,11,48,13,43.615,-116.2023,Boise,2020-03-25
460,2019-12-26,66,PM2.5,Nampa - Fire Station,43.615,-116.2023,16-027-0002,AQS,6.0,18,0,19,66,16,43.615,-116.2023,Boise,2020-03-25
461,2019-12-27,45,PM2.5,Garden Valley,43.615,-116.2023,16-015-0002,AQS,6.0,23,0,13,45,14,43.615,-116.2023,Boise,2020-03-25
462,2019-12-28,52,PM2.5,Nampa - Fire Station,43.615,-116.2023,16-027-0002,AQS,7.0,22,0,18,52,29,43.615,-116.2023,Boise,2020-03-25
463,2019-12-29,51,PM2.5,Garden Valley,43.615,-116.2023,16-015-0002,AQS,7.0,19,0,10,51,23,43.615,-116.2023,Boise,2020-03-25
464,2019-12-30,46,PM2.5,Garden Valley,43.615,-116.2023,16-015-0002,AQS,7.0,19,0,12,46,17,43.615,-116.2023,Boise,2020-03-25
465,2019-12-31,52,PM2.5,Idaho City,43.615,-116.2023,16-015-0001,AQS,7.0,24,0,13,52,11,43.615,-116.2023,Boise,2020-03-25
