,date,overall_aqi_value,main_pollutant,site_name,site_id,source_aqi,co,ozone,so2,pm10,pm25,no2,lat,lon,city_name,state_ordinance
0,2020-01-01,36,PM2.5,Intermediate School 143,36-061-0115,AQS,2,31,0,.,36,17,40.7128,-74.006,New_York,2020-03-23
1,2020-01-02,56,PM2.5,Intermediate School 143,36-061-0115,AQS,13,31,9,.,56,39,40.7128,-74.006,New_York,2020-03-23
2,2020-01-03,68,PM2.5,Fort Lee Near Road,34-003-0010,AirNow,13,19,1,.,68,36,40.7128,-74.006,New_York,2020-03-23
3,2020-01-04,59,PM2.5,Fort Lee Near Road,34-003-0010,AirNow,8,28,1,.,59,28,40.7128,-74.006,New_York,2020-03-23
4,2020-01-05,37,PM2.5,CCNY,36-061-0135,AQS,6,33,0,.,37,19,40.7128,-74.006,New_York,2020-03-23
5,2020-01-06,47,PM2.5,Intermediate School 143,36-061-0115,AQS,3,31,4,.,47,37,40.7128,-74.006,New_York,2020-03-23
6,2020-01-07,43,PM2.5,PS 274,36-047-0118,AQS,6,29,11,.,43,38,40.7128,-74.006,New_York,2020-03-23
7,2020-01-08,47,PM2.5,Intermediate School 143,36-061-0115,AQS,5,33,4,.,47,28,40.7128,-74.006,New_York,2020-03-23
8,2020-01-09,43,PM2.5,Intermediate School 143,36-061-0115,AQS,5,30,4,.,43,40,40.7128,-74.006,New_York,2020-03-23
9,2020-01-10,50,PM2.5,Intermediate School 143,36-061-0115,AQS,6,32,3,.,50,41,40.7128,-74.006,New_York,2020-03-23
10,2020-01-11,52,PM2.5,PS 274,36-047-0118,AQS,6,36,3,.,52,39,40.7128,-74.006,New_York,2020-03-23
11,2020-01-12,40,PM2.5,Intermediate School 143,36-061-0115,AQS,3,32,0,.,40,17,40.7128,-74.006,New_York,2020-03-23
12,2020-01-13,51,PM2.5,FRESHKILLS WEST,36-085-0111,AQS,5,22,0,.,51,27,40.7128,-74.006,New_York,2020-03-23
13,2020-01-14,60,PM2.5,Fort Lee Near Road,34-003-0010,AirNow,7,20,1,.,60,26,40.7128,-74.006,New_York,2020-03-23
14,2020-01-15,62,PM2.5,Fort Lee Near Road,34-003-0010,AirNow,6,29,3,.,62,40,40.7128,-74.006,New_York,2020-03-23
15,2020-01-16,55,PM2.5,Fort Lee Near Road,34-003-0010,AirNow,6,31,1,.,55,25,40.7128,-74.006,New_York,2020-03-23
16,2020-01-17,38,Ozone,Rockland County,36-087-0005,AirNow,3,38,3,.,37,18,40.7128,-74.006,New_York,2020-03-23
17,2020-01-18,42,NO2,IS 52,36-005-0110,AQS,5,34,1,.,32,42,40.7128,-74.006,New_York,2020-03-23
18,2020-01-19,40,PM2.5,Intermediate School 143,36-061-0115,AQS,3,35,0,.,40,21,40.7128,-74.006,New_York,2020-03-23
19,2020-01-20,39,Ozone,Chester,34-027-3001,AirNow,3,39,3,.,35,18,40.7128,-74.006,New_York,2020-03-23
20,2020-01-21,45,PM2.5,NEWBURGH,36-071-0002,AQS,6,38,3,.,45,42,40.7128,-74.006,New_York,2020-03-23
21,2020-01-22,61,NO2,IS 52,36-005-0110,AQS,11,33,4,.,56,61,40.7128,-74.006,New_York,2020-03-23
22,2020-01-23,76,PM2.5,Fort Lee Near Road,34-003-0010,AirNow,16,29,7,.,76,50,40.7128,-74.006,New_York,2020-03-23
23,2020-01-24,82,PM2.5,Jersey City Firehouse,34-017-1003,AirNow,15,30,7,.,82,61,40.7128,-74.006,New_York,2020-03-23
24,2020-01-25,50,PM2.5,Fort Lee Near Road,34-003-0010,AirNow,6,36,11,.,50,31,40.7128,-74.006,New_York,2020-03-23
25,2020-01-26,30,PM2.5,Elizabeth Lab,34-039-0004,AirNow,7,24,1,.,30,23,40.7128,-74.006,New_York,2020-03-23
26,2020-01-27,35,PM2.5,Elizabeth Lab,34-039-0004,AirNow,9,27,4,.,35,25,40.7128,-74.006,New_York,2020-03-23
27,2020-01-28,37,Ozone,Rockland County,36-087-0005,AirNow,3,37,3,.,30,18,40.7128,-74.006,New_York,2020-03-23
28,2020-01-29,37,Ozone,Chester,34-027-3001,AirNow,5,37,1,.,29,23,40.7128,-74.006,New_York,2020-03-23
29,2020-01-30,42,NO2,QUEENS COLLEGE 2,36-081-0124,AQS,5,33,3,.,40,42,40.7128,-74.006,New_York,2020-03-23
30,2020-01-31,54,PM2.5,Intermediate School 143,36-061-0115,AQS,8,33,1,.,54,43,40.7128,-74.006,New_York,2020-03-23
31,2020-02-01,70,PM2.5,IS 52,36-005-0110,AQS,7,29,1,.,70,30,40.7128,-74.006,New_York,2020-03-23
32,2020-02-02,57,PM2.5,IS 52,36-005-0110,AQS,8,28,0,.,57,23,40.7128,-74.006,New_York,2020-03-23
33,2020-02-03,54,PM2.5,Newark Firehouse,34-013-0003,AirNow,9,34,3,19,54,42,40.7128,-74.006,New_York,2020-03-23
34,2020-02-04,68,PM2.5,Fort Lee Near Road,34-003-0010,AirNow,17,33,3,.,68,43,40.7128,-74.006,New_York,2020-03-23
35,2020-02-05,33,Ozone,MT NINHAM,36-079-0005,AQS,13,33,19,.,31,16,40.7128,-74.006,New_York,2020-03-23
36,2020-02-06,45,PM2.5,Elizabeth Lab,34-039-0004,AirNow,6,29,3,.,45,18,40.7128,-74.006,New_York,2020-03-23
37,2020-02-07,36,PM2.5,Elizabeth Lab,34-039-0004,AirNow,5,34,6,.,36,23,40.7128,-74.006,New_York,2020-03-23
38,2020-02-08,47,PM2.5,Intermediate School 143,36-061-0115,AQS,6,35,1,.,47,26,40.7128,-74.006,New_York,2020-03-23
39,2020-02-09,54,PM2.5,Newark Firehouse,34-013-0003,AirNow,7,37,3,13,54,32,40.7128,-74.006,New_York,2020-03-23
40,2020-02-10,45,PM2.5,Fort Lee Near Road,34-003-0010,AirNow,10,35,3,.,45,32,40.7128,-74.006,New_York,2020-03-23
41,2020-02-11,53,PM2.5,Fort Lee Near Road,34-003-0010,AirNow,10,32,1,.,53,29,40.7128,-74.006,New_York,2020-03-23
42,2020-02-12,45,PM2.5,IS 52,36-005-0110,AQS,6,36,3,.,45,24,40.7128,-74.006,New_York,2020-03-23
43,2020-02-13,46,PM2.5,Fort Lee Near Road,34-003-0010,AirNow,7,32,1,.,46,36,40.7128,-74.006,New_York,2020-03-23
44,2020-02-14,34,PM2.5,Intermediate School 143,36-061-0115,AQS,5,34,3,.,34,15,40.7128,-74.006,New_York,2020-03-23
45,2020-02-15,40,PM2.5,NEWBURGH,36-071-0002,AQS,5,33,1,8,40,26,40.7128,-74.006,New_York,2020-03-23
46,2020-02-16,52,PM2.5,IS 52,36-005-0110,AQS,9,32,3,.,52,39,40.7128,-74.006,New_York,2020-03-23
47,2020-02-17,56,PM2.5,Newark Firehouse,34-013-0003,AirNow,13,38,3,.,56,28,40.7128,-74.006,New_York,2020-03-23
48,2020-02-18,53,PM2.5,Newark Firehouse,34-013-0003,AirNow,7,35,7,.,53,22,40.7128,-74.006,New_York,2020-03-23
49,2020-02-19,39,Ozone,Chester,34-027-3001,AirNow,7,39,3,.,35,27,40.7128,-74.006,New_York,2020-03-23
50,2020-02-20,38,Ozone,VALLEY CENTRAL HIGH SCHOOL,36-071-5001,AQS,3,38,3,.,28,11,40.7128,-74.006,New_York,2020-03-23
51,2020-02-21,39,Ozone,MT NINHAM,36-079-0005,AQS,7,39,1,6,25,25,40.7128,-74.006,New_York,2020-03-23
52,2020-02-22,45,PM2.5,Flemington,34-019-0001,AirNow,8,40,3,.,45,40,40.7128,-74.006,New_York,2020-03-23
53,2020-02-23,54,PM2.5,Fort Lee Near Road,34-003-0010,AirNow,10,44,4,.,54,51,40.7128,-74.006,New_York,2020-03-23
54,2020-02-24,74,PM2.5,QUEENS COLLEGE 2,36-081-0124,AQS,11,44,6,.,74,60,40.7128,-74.006,New_York,2020-03-23
55,2020-02-25,62,PM2.5,Fort Lee Near Road,34-003-0010,AirNow,9,32,3,.,62,44,40.7128,-74.006,New_York,2020-03-23
56,2020-02-26,54,PM2.5,Fort Lee Near Road,34-003-0010,AirNow,5,40,0,.,54,17,40.7128,-74.006,New_York,2020-03-23
57,2020-02-27,39,Ozone,MILLBROOK,36-027-0007,AQS,3,39,0,5,20,10,40.7128,-74.006,New_York,2020-03-23
58,2020-02-28,39,Ozone,MT NINHAM,36-079-0005,AQS,3,39,1,.,36,22,40.7128,-74.006,New_York,2020-03-23
59,2020-02-29,36,Ozone,MILLBROOK,36-027-0007,AQS,3,36,1,.,30,13,40.7128,-74.006,New_York,2020-03-23
60,2020-03-01,41,Ozone,Chester,34-027-3001,AirNow,3,41,.,.,30,.,40.7128,-74.006,New_York,2020-03-23
61,2020-03-02,60,PM2.5,Newark Firehouse,34-013-0003,AirNow,.,45,.,.,60,.,40.7128,-74.006,New_York,2020-03-23
62,2020-03-03,56,PM2.5,Fort Lee Near Road,34-003-0010,AirNow,.,39,.,.,56,.,40.7128,-74.006,New_York,2020-03-23
63,2020-03-04,39,Ozone,Chester,34-027-3001,AirNow,.,39,.,.,23,.,40.7128,-74.006,New_York,2020-03-23
64,2020-03-05,37,Ozone,MILLBROOK,36-027-0007,AirNow,.,37,.,.,34,.,40.7128,-74.006,New_York,2020-03-23
65,2020-03-06,46,PM2.5,Flemington,34-019-0001,AirNow,.,40,.,.,46,.,40.7128,-74.006,New_York,2020-03-23
66,2020-03-07,40,Ozone,Chester,34-027-3001,AirNow,.,40,.,.,23,.,40.7128,-74.006,New_York,2020-03-23
67,2020-03-08,41,Ozone,MILLBROOK,36-027-0007,AirNow,.,41,.,.,29,.,40.7128,-74.006,New_York,2020-03-23
68,2020-03-09,50,PM2.5,Queens College Near Road,36-081-0125,AirNow,.,48,.,.,50,.,40.7128,-74.006,New_York,2020-03-23
69,2020-03-10,64,Ozone,Leonia,34-003-0006,AirNow,.,64,.,.,47,.,40.7128,-74.006,New_York,2020-03-23
70,2020-03-11,74,Ozone,Leonia,34-003-0006,AirNow,.,74,.,.,30,.,40.7128,-74.006,New_York,2020-03-23
71,2020-03-12,52,PM2.5,Elizabeth Lab,34-039-0004,AirNow,.,36,.,.,52,.,40.7128,-74.006,New_York,2020-03-23
72,2020-03-13,46,PM2.5,Fort Lee Near Road,34-003-0010,AirNow,.,42,.,.,46,.,40.7128,-74.006,New_York,2020-03-23
73,2020-03-14,39,Ozone,Colliers Mills,34-029-0006,AirNow,.,39,.,.,20,.,40.7128,-74.006,New_York,2020-03-23
74,2020-03-15,41,Ozone,MILLBROOK,36-027-0007,AirNow,.,41,.,.,23,.,40.7128,-74.006,New_York,2020-03-23
75,2020-03-16,40,Ozone,Chester,34-027-3001,AirNow,.,40,.,.,25,.,40.7128,-74.006,New_York,2020-03-23
76,2020-03-17,39,PM2.5,Fort Lee Near Road,34-003-0010,AirNow,.,36,.,.,39,.,40.7128,-74.006,New_York,2020-03-23
77,2020-03-18,42,Ozone,Monmouth University,34-025-0005,AirNow,.,42,.,.,33,.,40.7128,-74.006,New_York,2020-03-23
78,2020-03-19,40,PM2.5,Elizabeth Lab,34-039-0004,AirNow,.,36,.,.,40,.,40.7128,-74.006,New_York,2020-03-23
79,2020-03-20,61,PM2.5,Fort Lee Near Road,34-003-0010,AirNow,.,38,.,.,61,.,40.7128,-74.006,New_York,2020-03-23
80,2020-03-21,41,Ozone,Leonia,34-003-0006,AirNow,.,41,.,.,28,.,40.7128,-74.006,New_York,2020-03-23
81,2020-03-22,41,Ozone,MT NINHAM,36-079-0005,AirNow,.,41,.,.,28,.,40.7128,-74.006,New_York,2020-03-23
82,2020-03-23,38,Ozone,RIVERHEAD,36-103-0004,AirNow,.,38,.,.,21,.,40.7128,-74.006,New_York,2020-03-23
83,2020-03-24,39,Ozone,BABYLON,36-103-0002,AirNow,.,39,.,.,25,.,40.7128,-74.006,New_York,2020-03-23
84,2020-03-25,39,Ozone,RIVERHEAD,36-103-0004,AirNow,.,39,.,.,32,.,40.7128,-74.006,New_York,2020-03-23
85,2020-03-26,44,Ozone,MT NINHAM,36-079-0005,AirNow,.,44,.,.,34,.,40.7128,-74.006,New_York,2020-03-23
86,2020-03-27,44,Ozone,Monmouth University,34-025-0005,AirNow,.,44,.,.,30,.,40.7128,-74.006,New_York,2020-03-23
87,2020-03-28,42,Ozone,RIVERHEAD,36-103-0004,AirNow,.,42,.,.,39,.,40.7128,-74.006,New_York,2020-03-23
88,2020-03-29,42,Ozone,RIVERHEAD,36-103-0004,AirNow,.,42,.,.,23,.,40.7128,-74.006,New_York,2020-03-23
89,2020-03-30,43,PM2.5,Newark Firehouse,34-013-0003,AirNow,.,37,.,.,43,.,40.7128,-74.006,New_York,2020-03-23
90,2020-03-31,41,Ozone,RIVERHEAD,36-103-0004,AirNow,.,41,.,.,23,.,40.7128,-74.006,New_York,2020-03-23
91,2020-04-01,43,Ozone,MILLBROOK,36-027-0007,AirNow,.,43,.,.,27,.,40.7128,-74.006,New_York,2020-03-23
92,2020-04-02,41,Ozone,Flemington,34-019-0001,AirNow,.,41,.,.,13,.,40.7128,-74.006,New_York,2020-03-23
93,2020-04-03,36,Ozone,RIVERHEAD,36-103-0004,AirNow,.,36,.,.,13,.,40.7128,-74.006,New_York,2020-03-23
94,2020-04-04,40,Ozone,BABYLON,36-103-0002,AirNow,.,40,.,.,19,.,40.7128,-74.006,New_York,2020-03-23
95,2020-04-05,52,PM2.5,Jersey City Firehouse,34-017-1003,AirNow,.,41,.,.,52,.,40.7128,-74.006,New_York,2020-03-23
96,2020-04-06,43,Ozone,Chester,34-027-3001,AirNow,.,43,.,.,35,.,40.7128,-74.006,New_York,2020-03-23
97,2020-04-07,50,Ozone,Chester,34-027-3001,AirNow,.,50,.,.,35,.,40.7128,-74.006,New_York,2020-03-23
98,2020-04-08,46,PM2.5,Elizabeth Lab,34-039-0004,AirNow,.,44,.,.,46,.,40.7128,-74.006,New_York,2020-03-23
99,2020-04-09,43,Ozone,Chester,34-027-3001,AirNow,.,43,.,.,31,.,40.7128,-74.006,New_York,2020-03-23
100,2020-04-10,38,Ozone,RIVERHEAD,36-103-0004,AirNow,.,38,.,.,17,.,40.7128,-74.006,New_York,2020-03-23
101,2019-01-01,45,PM2.5,MASPETH LIBRARY,36-081-0120,AQS,6,30,0,.,45,38,40.7128,-74.006,New_York,2020-03-23
102,2019-01-02,64,PM2.5,PS 19,36-061-0128,AQS,7,29,6,.,64,32,40.7128,-74.006,New_York,2020-03-23
103,2019-01-03,54,PM2.5,PS 19,36-061-0128,AQS,6,26,3,11,54,37,40.7128,-74.006,New_York,2020-03-23
104,2019-01-04,60,PM2.5,Elizabeth Lab,34-039-0004,AQS,9,20,6,.,60,34,40.7128,-74.006,New_York,2020-03-23
105,2019-01-05,50,PM2.5,DIVISION STREET,36-061-0134,AQS,9,26,33,.,50,31,40.7128,-74.006,New_York,2020-03-23
106,2019-01-06,51,PM2.5,DIVISION STREET,36-061-0134,AQS,7,33,1,6,51,23,40.7128,-74.006,New_York,2020-03-23
107,2019-01-07,44,NO2,Newark Firehouse,34-013-0003,AQS,7,33,1,.,36,44,40.7128,-74.006,New_York,2020-03-23
108,2019-01-08,75,PM2.5,Fort Lee Near Road,34-003-0010,AQS,14,29,4,.,75,67,40.7128,-74.006,New_York,2020-03-23
109,2019-01-09,38,PM2.5,PS 314,36-047-0052,AQS,9,27,1,8,38,33,40.7128,-74.006,New_York,2020-03-23
110,2019-01-10,42,PM2.5,Intermediate School 143,36-061-0115,AQS,6,33,1,.,42,19,40.7128,-74.006,New_York,2020-03-23
111,2019-01-11,45,PM2.5,IS 74,36-005-0112,AQS,6,38,3,.,45,45,40.7128,-74.006,New_York,2020-03-23
112,2019-01-12,43,PM2.5,HOLTSVILLE,36-103-0009,AQS,6,35,3,6,43,33,40.7128,-74.006,New_York,2020-03-23
113,2019-01-13,42,PM2.5,PS 19,36-061-0128,AQS,6,35,1,.,42,23,40.7128,-74.006,New_York,2020-03-23
114,2019-01-14,52,NO2,Elizabeth Lab,34-039-0004,AQS,8,33,4,.,42,52,40.7128,-74.006,New_York,2020-03-23
115,2019-01-15,63,NO2,Newark Firehouse,34-013-0003,AQS,13,30,4,29,59,63,40.7128,-74.006,New_York,2020-03-23
116,2019-01-16,67,PM2.5,Jersey City Firehouse,34-017-1003,AQS,10,34,7,.,67,45,40.7128,-74.006,New_York,2020-03-23
117,2019-01-17,44,PM2.5,PS 19,36-061-0128,AQS,8,34,4,.,44,42,40.7128,-74.006,New_York,2020-03-23
118,2019-01-18,94,NO2,Fort Lee Near Road,34-003-0010,AQS,10,31,3,19,71,94,40.7128,-74.006,New_York,2020-03-23
119,2019-01-19,56,PM2.5,Jersey City Firehouse,34-017-1003,AQS,7,34,6,.,56,34,40.7128,-74.006,New_York,2020-03-23
120,2019-01-20,37,PM2.5,PS 19,36-061-0128,AQS,7,34,9,.,37,36,40.7128,-74.006,New_York,2020-03-23
121,2019-01-21,50,PM2.5,Intermediate School 143,36-061-0115,AQS,6,37,4,12,50,26,40.7128,-74.006,New_York,2020-03-23
122,2019-01-22,54,NO2,Fort Lee Near Road,34-003-0010,AQS,8,36,6,.,52,54,40.7128,-74.006,New_York,2020-03-23
123,2019-01-23,54,NO2,Newark Firehouse,34-013-0003,AQS,11,37,6,.,49,54,40.7128,-74.006,New_York,2020-03-23
124,2019-01-24,49,NO2,Newark Firehouse,34-013-0003,AQS,14,38,3,6,33,49,40.7128,-74.006,New_York,2020-03-23
125,2019-01-25,46,PM2.5,Intermediate School 143,36-061-0115,AQS,5,36,1,.,46,42,40.7128,-74.006,New_York,2020-03-23
126,2019-01-26,48,PM2.5,HOLTSVILLE,36-103-0009,AQS,8,35,3,.,48,41,40.7128,-74.006,New_York,2020-03-23
127,2019-01-27,51,PM2.5,Flemington,34-019-0001,AQS,16,41,3,15,51,50,40.7128,-74.006,New_York,2020-03-23
128,2019-01-28,54,PM2.5,PS 19,36-061-0128,AQS,8,36,1,.,54,42,40.7128,-74.006,New_York,2020-03-23
129,2019-01-29,69,NO2,Fort Lee Near Road,34-003-0010,AQS,17,35,6,.,60,69,40.7128,-74.006,New_York,2020-03-23
130,2019-01-30,54,PM2.5,Intermediate School 143,36-061-0115,AQS,9,37,7,13,54,32,40.7128,-74.006,New_York,2020-03-23
131,2019-01-31,49,PM2.5,Intermediate School 143,36-061-0115,AQS,10,33,6,.,49,45,40.7128,-74.006,New_York,2020-03-23
132,2019-02-01,53,NO2,Fort Lee Near Road,34-003-0010,AQS,11,35,6,.,51,53,40.7128,-74.006,New_York,2020-03-23
133,2019-02-02,80,PM2.5,Flemington,34-019-0001,AQS,10,32,6,31,80,49,40.7128,-74.006,New_York,2020-03-23
134,2019-02-03,92,PM2.5,Fort Lee Near Road,34-003-0010,AQS,13,41,6,.,92,51,40.7128,-74.006,New_York,2020-03-23
135,2019-02-04,83,PM2.5,IS 52,36-005-0110,AQS,16,38,10,.,83,65,40.7128,-74.006,New_York,2020-03-23
136,2019-02-05,81,PM2.5,Jersey City Firehouse,34-017-1003,AQS,18,36,4,.,81,68,40.7128,-74.006,New_York,2020-03-23
137,2019-02-06,80,NO2,Fort Lee Near Road,34-003-0010,AQS,7,28,3,.,42,80,40.7128,-74.006,New_York,2020-03-23
138,2019-02-07,51,PM2.5,Elizabeth Lab,34-039-0004,AQS,7,25,1,.,51,41,40.7128,-74.006,New_York,2020-03-23
139,2019-02-08,43,PM2.5,Fort Lee Near Road,34-003-0010,AQS,9,35,4,9,43,37,40.7128,-74.006,New_York,2020-03-23
140,2019-02-09,37,Ozone,MILLBROOK,36-027-0007,AQS,5,37,3,.,35,15,40.7128,-74.006,New_York,2020-03-23
141,2019-02-10,35,Ozone,MILLBROOK,36-027-0007,AQS,6,35,3,.,30,30,40.7128,-74.006,New_York,2020-03-23
142,2019-02-11,58,PM2.5,Rutgers University,34-023-0011,AQS,10,35,3,18,58,46,40.7128,-74.006,New_York,2020-03-23
143,2019-02-12,63,NO2,Fort Lee Near Road,34-003-0010,AQS,8,40,14,.,42,63,40.7128,-74.006,New_York,2020-03-23
144,2019-02-13,42,PM2.5,Intermediate School 143,36-061-0115,AQS,9,38,1,.,42,41,40.7128,-74.006,New_York,2020-03-23
145,2019-02-14,51,NO2,Newark Firehouse,34-013-0003,AQS,8,44,3,15,50,51,40.7128,-74.006,New_York,2020-03-23
146,2019-02-15,68,NO2,Fort Lee Near Road,34-003-0010,AQS,10,43,3,.,63,68,40.7128,-74.006,New_York,2020-03-23
147,2019-02-16,39,PM2.5,PS 19,36-061-0128,AQS,8,38,3,.,39,19,40.7128,-74.006,New_York,2020-03-23
148,2019-02-17,40,Ozone,MILLBROOK,36-027-0007,AQS,8,40,1,.,30,27,40.7128,-74.006,New_York,2020-03-23
149,2019-02-18,42,NO2,Bayonne,34-017-0006,AQS,10,41,1,.,41,42,40.7128,-74.006,New_York,2020-03-23
150,2019-02-19,42,Ozone,MILLBROOK,36-027-0007,AQS,7,42,4,.,40,35,40.7128,-74.006,New_York,2020-03-23
151,2019-02-20,91,NO2,Fort Lee Near Road,34-003-0010,AQS,7,38,1,14,57,91,40.7128,-74.006,New_York,2020-03-23
152,2019-02-21,60,NO2,Fort Lee Near Road,34-003-0010,AQS,7,42,3,.,44,60,40.7128,-74.006,New_York,2020-03-23
153,2019-02-22,52,PM2.5,Jersey City Firehouse,34-017-1003,AQS,7,46,1,.,52,37,40.7128,-74.006,New_York,2020-03-23
154,2019-02-23,51,PM2.5,Paterson,34-031-0005,AQS,8,41,1,11,51,37,40.7128,-74.006,New_York,2020-03-23
155,2019-02-24,47,PM2.5,Fort Lee Near Road,34-003-0010,AQS,9,43,0,.,47,39,40.7128,-74.006,New_York,2020-03-23
156,2019-02-25,45,PM2.5,Intermediate School 143,36-061-0115,AQS,3,43,1,.,45,17,40.7128,-74.006,New_York,2020-03-23
157,2019-02-26,42,NO2,Fort Lee Near Road,34-003-0010,AQS,3,41,1,9,38,42,40.7128,-74.006,New_York,2020-03-23
158,2019-02-27,103,NO2,Fort Lee Near Road,34-003-0010,AQS,9,39,1,.,30,103,40.7128,-74.006,New_York,2020-03-23
159,2019-02-28,54,NO2,Fort Lee Near Road,34-003-0010,AQS,8,41,3,.,53,54,40.7128,-74.006,New_York,2020-03-23
160,2019-03-01,94,NO2,Fort Lee Near Road,34-003-0010,AQS,8,41,1,15,66,94,40.7128,-74.006,New_York,2020-03-23
161,2019-03-02,52,PM2.5,Elizabeth Lab,34-039-0004,AQS,8,43,1,.,52,35,40.7128,-74.006,New_York,2020-03-23
162,2019-03-03,60,PM2.5,Elizabeth Lab,34-039-0004,AQS,8,47,1,.,60,58,40.7128,-74.006,New_York,2020-03-23
163,2019-03-04,47,Ozone,Rutgers University,34-023-0011,AQS,11,47,4,10,38,42,40.7128,-74.006,New_York,2020-03-23
164,2019-03-05,51,PM2.5,Jersey City Firehouse,34-017-1003,AQS,7,42,3,.,51,42,40.7128,-74.006,New_York,2020-03-23
165,2019-03-06,49,PM2.5,Elizabeth Lab,34-039-0004,AQS,8,43,1,.,49,31,40.7128,-74.006,New_York,2020-03-23
166,2019-03-07,56,PM2.5,Rahway,34-039-2003,AQS,8,44,3,17,56,44,40.7128,-74.006,New_York,2020-03-23
167,2019-03-08,71,NO2,Elizabeth Lab,34-039-0004,AQS,16,46,4,.,66,71,40.7128,-74.006,New_York,2020-03-23
168,2019-03-09,81,PM2.5,Jersey City Firehouse,34-017-1003,AQS,8,58,6,.,81,49,40.7128,-74.006,New_York,2020-03-23
169,2019-03-10,59,PM2.5,Fort Lee Near Road,34-003-0010,AQS,9,49,3,16,59,51,40.7128,-74.006,New_York,2020-03-23
170,2019-03-11,48,PM2.5,Fort Lee Near Road,34-003-0010,AQS,8,48,1,.,48,47,40.7128,-74.006,New_York,2020-03-23
171,2019-03-12,45,Ozone,Colliers Mills,34-029-0006,AQS,5,45,4,.,36,39,40.7128,-74.006,New_York,2020-03-23
172,2019-03-13,64,NO2,Bayonne,34-017-0006,AQS,10,47,3,19,56,64,40.7128,-74.006,New_York,2020-03-23
173,2019-03-14,56,NO2,Newark Firehouse,34-013-0003,AQS,8,54,3,.,54,56,40.7128,-74.006,New_York,2020-03-23
174,2019-03-15,64,PM2.5,Fort Lee Near Road,34-003-0010,AQS,8,51,1,.,64,54,40.7128,-74.006,New_York,2020-03-23
175,2019-03-16,43,Ozone,Flemington,34-019-0001,AQS,3,43,0,6,39,15,40.7128,-74.006,New_York,2020-03-23
176,2019-03-17,44,Ozone,RIVERHEAD,36-103-0004,AQS,5,44,1,.,36,38,40.7128,-74.006,New_York,2020-03-23
177,2019-03-18,64,NO2,Bayonne,34-017-0006,AQS,9,43,3,.,33,64,40.7128,-74.006,New_York,2020-03-23
178,2019-03-19,54,NO2,Newark Firehouse,34-013-0003,AQS,11,44,4,8,42,54,40.7128,-74.006,New_York,2020-03-23
179,2019-03-20,61,PM2.5,Fort Lee Near Road,34-003-0010,AQS,11,49,3,.,61,61,40.7128,-74.006,New_York,2020-03-23
180,2019-03-21,52,NO2,Elizabeth Lab,34-039-0004,AQS,13,45,3,.,48,52,40.7128,-74.006,New_York,2020-03-23
181,2019-03-22,44,Ozone,Chester,34-027-3001,AQS,6,44,1,6,23,26,40.7128,-74.006,New_York,2020-03-23
182,2019-03-23,44,Ozone,RIVERHEAD,36-103-0004,AQS,3,44,1,.,26,23,40.7128,-74.006,New_York,2020-03-23
183,2019-03-24,50,Ozone,Chester,34-027-3001,AQS,5,50,1,.,31,42,40.7128,-74.006,New_York,2020-03-23
184,2019-03-25,45,NO2,Queens College Near Road,36-081-0125,AQS,6,44,7,9,43,45,40.7128,-74.006,New_York,2020-03-23
185,2019-03-26,44,Ozone,RIVERHEAD,36-103-0004,AQS,5,44,1,.,27,26,40.7128,-74.006,New_York,2020-03-23
186,2019-03-27,45,Ozone,Colliers Mills,34-029-0006,AQS,6,45,1,.,35,42,40.7128,-74.006,New_York,2020-03-23
187,2019-03-28,55,PM2.5,Fort Lee Near Road,34-003-0010,AQS,9,47,1,23,55,53,40.7128,-74.006,New_York,2020-03-23
188,2019-03-29,59,PM2.5,Fort Lee Near Road,34-003-0010,AQS,9,44,3,.,59,57,40.7128,-74.006,New_York,2020-03-23
189,2019-03-30,72,PM2.5,Elizabeth Lab,34-039-0004,AQS,16,71,3,.,72,56,40.7128,-74.006,New_York,2020-03-23
190,2019-03-31,100,PM2.5,Elizabeth Lab,34-039-0004,AQS,8,45,1,15,100,43,40.7128,-74.006,New_York,2020-03-23
191,2019-04-01,46,NO2,Bayonne,34-017-0006,AQS,6,44,3,.,26,46,40.7128,-74.006,New_York,2020-03-23
192,2019-04-02,60,NO2,Newark Firehouse,34-013-0003,AQS,15,46,4,.,34,60,40.7128,-74.006,New_York,2020-03-23
193,2019-04-03,54,Ozone,RIVERHEAD,36-103-0004,AQS,7,54,3,22,46,47,40.7128,-74.006,New_York,2020-03-23
194,2019-04-04,49,Ozone,Colliers Mills,34-029-0006,AQS,9,49,1,.,32,43,40.7128,-74.006,New_York,2020-03-23
195,2019-04-05,41,Ozone,RIVERHEAD,36-103-0004,AQS,8,41,1,.,40,40,40.7128,-74.006,New_York,2020-03-23
196,2019-04-06,53,PM2.5,Fort Lee Near Road,34-003-0010,AQS,8,49,1,7,53,40,40.7128,-74.006,New_York,2020-03-23
197,2019-04-07,64,Ozone,Flemington,34-019-0001,AQS,11,64,1,.,53,50,40.7128,-74.006,New_York,2020-03-23
198,2019-04-08,61,PM2.5,Fort Lee Near Road,34-003-0010,AQS,6,51,3,.,61,58,40.7128,-74.006,New_York,2020-03-23
199,2019-04-09,65,PM2.5,Fort Lee Near Road,34-003-0010,AQS,9,38,1,20,65,37,40.7128,-74.006,New_York,2020-03-23
200,2019-04-10,38,Ozone,Colliers Mills,34-029-0006,AQS,7,38,1,.,36,35,40.7128,-74.006,New_York,2020-03-23
201,2019-04-11,44,NO2,Fort Lee Near Road,34-003-0010,AQS,7,42,1,.,38,44,40.7128,-74.006,New_York,2020-03-23
202,2019-04-12,51,PM2.5,Fort Lee Near Road,34-003-0010,AQS,9,46,1,19,51,47,40.7128,-74.006,New_York,2020-03-23
203,2019-04-13,53,PM2.5,Fort Lee Near Road,34-003-0010,AQS,8,47,1,.,53,46,40.7128,-74.006,New_York,2020-03-23
204,2019-04-14,54,PM2.5,Fort Lee Near Road,34-003-0010,AQS,8,44,1,.,54,32,40.7128,-74.006,New_York,2020-03-23
205,2019-04-15,46,NO2,Jersey City,34-017-1002,AQS,7,45,4,9,43,46,40.7128,-74.006,New_York,2020-03-23
206,2019-04-16,49,Ozone,Colliers Mills,34-029-0006,AQS,5,49,4,.,27,34,40.7128,-74.006,New_York,2020-03-23
207,2019-04-17,47,Ozone,MT NINHAM,36-079-0005,AQS,9,47,1,.,31,47,40.7128,-74.006,New_York,2020-03-23
208,2019-04-18,58,Ozone,Colliers Mills,34-029-0006,AQS,10,58,3,26,53,57,40.7128,-74.006,New_York,2020-03-23
209,2019-04-19,56,PM2.5,Fort Lee Near Road,34-003-0010,AQS,9,45,0,.,56,37,40.7128,-74.006,New_York,2020-03-23
210,2019-04-20,52,PM2.5,Elizabeth Lab,34-039-0004,AQS,6,45,1,.,52,26,40.7128,-74.006,New_York,2020-03-23
211,2019-04-21,44,PM2.5,Fort Lee Near Road,34-003-0010,AQS,8,44,17,16,44,34,40.7128,-74.006,New_York,2020-03-23
212,2019-04-22,41,Ozone,RIVERHEAD,36-103-0004,AQS,7,41,1,.,38,37,40.7128,-74.006,New_York,2020-03-23
213,2019-04-23,61,Ozone,Colliers Mills,34-029-0006,AQS,5,61,1,.,43,53,40.7128,-74.006,New_York,2020-03-23
214,2019-04-24,44,Ozone,Colliers Mills,34-029-0006,AQS,5,44,1,9,29,29,40.7128,-74.006,New_York,2020-03-23
215,2019-04-25,44,Ozone,MILLBROOK,36-027-0007,AQS,7,44,1,.,43,38,40.7128,-74.006,New_York,2020-03-23
216,2019-04-26,45,PM2.5,Fort Lee Near Road,34-003-0010,AQS,8,44,1,.,45,38,40.7128,-74.006,New_York,2020-03-23
217,2019-04-27,47,Ozone,Colliers Mills,34-029-0006,AQS,5,47,0,8,28,25,40.7128,-74.006,New_York,2020-03-23
218,2019-04-28,36,Ozone,Chester,34-027-3001,AQS,7,36,1,.,35,29,40.7128,-74.006,New_York,2020-03-23
219,2019-04-29,44,Ozone,RIVERHEAD,36-103-0004,AQS,6,44,3,.,34,40,40.7128,-74.006,New_York,2020-03-23
220,2019-04-30,62,PM2.5,Fort Lee Near Road,34-003-0010,AQS,9,46,7,13,62,40,40.7128,-74.006,New_York,2020-03-23
221,2019-05-01,46,PM2.5,Fort Lee Near Road,34-003-0010,AQS,8,41,4,.,46,33,40.7128,-74.006,New_York,2020-03-23
222,2019-05-02,62,PM2.5,Fort Lee Near Road,34-003-0010,AQS,8,45,4,.,62,44,40.7128,-74.006,New_York,2020-03-23
223,2019-05-03,67,PM2.5,Paterson,34-031-0005,AQS,9,39,1,26,67,42,40.7128,-74.006,New_York,2020-03-23
224,2019-05-04,81,PM2.5,Elizabeth Lab,34-039-0004,AQS,14,35,4,.,81,42,40.7128,-74.006,New_York,2020-03-23
225,2019-05-05,40,PM2.5,Fort Lee Near Road,34-003-0010,AQS,7,35,1,.,40,27,40.7128,-74.006,New_York,2020-03-23
226,2019-05-06,68,PM2.5,Paterson,34-031-0005,AQS,7,44,1,10,68,31,40.7128,-74.006,New_York,2020-03-23
227,2019-05-07,54,Ozone,Rutgers University,34-023-0011,AQS,6,54,1,.,43,41,40.7128,-74.006,New_York,2020-03-23
228,2019-05-08,48,NO2,Fort Lee Near Road,34-003-0010,AQS,6,42,3,.,43,48,40.7128,-74.006,New_York,2020-03-23
229,2019-05-09,51,PM2.5,Jersey City Firehouse,34-017-1003,AQS,5,41,4,19,51,39,40.7128,-74.006,New_York,2020-03-23
230,2019-05-10,54,PM2.5,Fort Lee Near Road,34-003-0010,AQS,7,42,1,.,54,39,40.7128,-74.006,New_York,2020-03-23
231,2019-05-11,52,PM2.5,Elizabeth Lab,34-039-0004,AQS,6,43,1,.,52,25,40.7128,-74.006,New_York,2020-03-23
232,2019-05-12,40,Ozone,RIVERHEAD,36-103-0004,AQS,8,40,1,4,25,21,40.7128,-74.006,New_York,2020-03-23
233,2019-05-13,53,PM2.5,Jersey City Firehouse,34-017-1003,AQS,7,43,1,.,53,35,40.7128,-74.006,New_York,2020-03-23
234,2019-05-14,46,PM2.5,Fort Lee Near Road,34-003-0010,AQS,8,30,13,.,46,29,40.7128,-74.006,New_York,2020-03-23
235,2019-05-15,42,Ozone,Chester,34-027-3001,AQS,7,42,4,9,38,40,40.7128,-74.006,New_York,2020-03-23
236,2019-05-16,58,Ozone,Colliers Mills,34-029-0006,AQS,10,58,1,.,45,55,40.7128,-74.006,New_York,2020-03-23
237,2019-05-17,67,Ozone,Colliers Mills,34-029-0006,AQS,11,67,3,.,60,54,40.7128,-74.006,New_York,2020-03-23
238,2019-05-18,50,Ozone,Colliers Mills,34-029-0006,AQS,5,50,4,.,42,31,40.7128,-74.006,New_York,2020-03-23
239,2019-05-19,61,Ozone,Rockland County,36-087-0005,AQS,6,61,3,.,51,41,40.7128,-74.006,New_York,2020-03-23
240,2019-05-20,77,Ozone,Colliers Mills,34-029-0006,AQS,9,77,3,.,54,41,40.7128,-74.006,New_York,2020-03-23
241,2019-05-21,37,Ozone,Colliers Mills,34-029-0006,AQS,3,37,1,13,28,18,40.7128,-74.006,New_York,2020-03-23
242,2019-05-22,47,Ozone,FRESHKILLS WEST,36-085-0111,AQS,5,47,3,.,40,33,40.7128,-74.006,New_York,2020-03-23
243,2019-05-23,45,PM2.5,Fort Lee Near Road,34-003-0010,AQS,7,42,1,.,45,31,40.7128,-74.006,New_York,2020-03-23
244,2019-05-24,48,PM2.5,Elizabeth Lab,34-039-0004,AQS,7,46,1,11,48,23,40.7128,-74.006,New_York,2020-03-23
245,2019-05-25,44,Ozone,MILLBROOK,36-027-0007,AQS,5,44,1,.,26,20,40.7128,-74.006,New_York,2020-03-23
246,2019-05-26,51,Ozone,BABYLON,36-103-0002,AQS,6,51,1,.,48,29,40.7128,-74.006,New_York,2020-03-23
247,2019-05-27,44,Ozone,Monmouth University,34-025-0005,AQS,6,44,3,13,40,34,40.7128,-74.006,New_York,2020-03-23
248,2019-05-28,56,PM2.5,Elizabeth Lab,34-039-0004,AQS,10,37,3,.,56,46,40.7128,-74.006,New_York,2020-03-23
249,2019-05-29,55,PM2.5,Elizabeth Lab,34-039-0004,AQS,9,33,1,.,55,35,40.7128,-74.006,New_York,2020-03-23
250,2019-05-30,56,PM2.5,Fort Lee Near Road,34-003-0010,AQS,9,35,1,16,56,38,40.7128,-74.006,New_York,2020-03-23
251,2019-05-31,100,Ozone,RIVERHEAD,36-103-0004,AQS,7,100,1,.,57,42,40.7128,-74.006,New_York,2020-03-23
252,2019-06-01,71,Ozone,Rockland County,36-087-0005,AQS,10,71,3,.,59,38,40.7128,-74.006,New_York,2020-03-23
253,2019-06-02,74,Ozone,QUEENS COLLEGE 2,36-081-0124,AQS,7,74,3,23,66,34,40.7128,-74.006,New_York,2020-03-23
254,2019-06-03,40,Ozone,Colliers Mills,34-029-0006,AQS,5,40,3,.,32,27,40.7128,-74.006,New_York,2020-03-23
255,2019-06-04,45,Ozone,Colliers Mills,34-029-0006,AQS,3,45,4,.,28,34,40.7128,-74.006,New_York,2020-03-23
256,2019-06-05,97,Ozone,Rutgers University,34-023-0011,AQS,6,97,1,19,62,44,40.7128,-74.006,New_York,2020-03-23
257,2019-06-06,61,Ozone,QUEENS COLLEGE 2,36-081-0124,AQS,6,61,1,.,52,28,40.7128,-74.006,New_York,2020-03-23
258,2019-06-07,67,Ozone,Rutgers University,34-023-0011,AQS,7,67,1,.,55,51,40.7128,-74.006,New_York,2020-03-23
259,2019-06-08,61,Ozone,Flemington,34-019-0001,AQS,7,61,1,19,51,53,40.7128,-74.006,New_York,2020-03-23
260,2019-06-09,47,Ozone,Ramapo,34-031-5001,AQS,6,47,0,.,33,24,40.7128,-74.006,New_York,2020-03-23
261,2019-06-10,40,PM2.5,Fort Lee Near Road,34-003-0010,AQS,9,31,6,.,40,25,40.7128,-74.006,New_York,2020-03-23
262,2019-06-11,39,Ozone,Colliers Mills,34-029-0006,AQS,8,39,1,7,38,25,40.7128,-74.006,New_York,2020-03-23
263,2019-06-12,43,Ozone,VALLEY CENTRAL HIGH SCHOOL,36-071-5001,AQS,6,43,3,.,40,36,40.7128,-74.006,New_York,2020-03-23
264,2019-06-13,40,Ozone,RIVERHEAD,36-103-0004,AQS,7,40,1,.,26,38,40.7128,-74.006,New_York,2020-03-23
265,2019-06-14,37,Ozone,HOLTSVILLE,36-103-0009,AQS,7,37,3,11,36,30,40.7128,-74.006,New_York,2020-03-23
266,2019-06-15,67,Ozone,Leonia,34-003-0006,AQS,6,67,1,.,38,31,40.7128,-74.006,New_York,2020-03-23
267,2019-06-16,60,PM2.5,Newark Firehouse,34-013-0003,AQS,6,50,21,.,60,25,40.7128,-74.006,New_York,2020-03-23
268,2019-06-17,54,PM2.5,Elizabeth Lab,34-039-0004,AQS,9,44,3,15,54,41,40.7128,-74.006,New_York,2020-03-23
269,2019-06-18,68,PM2.5,Fort Lee Near Road,34-003-0010,AQS,8,43,3,.,68,46,40.7128,-74.006,New_York,2020-03-23
270,2019-06-19,54,PM2.5,Fort Lee Near Road,34-003-0010,AQS,7,38,3,.,54,33,40.7128,-74.006,New_York,2020-03-23
271,2019-06-20,55,PM2.5,Fort Lee Near Road,34-003-0010,AQS,7,36,3,16,55,32,40.7128,-74.006,New_York,2020-03-23
272,2019-06-21,39,PM2.5,Elizabeth Lab,34-039-0004,AQS,6,31,3,.,39,29,40.7128,-74.006,New_York,2020-03-23
273,2019-06-22,37,PM2.5,Jersey City Firehouse,34-017-1003,AQS,3,28,1,.,37,19,40.7128,-74.006,New_York,2020-03-23
274,2019-06-23,40,Ozone,Colliers Mills,34-029-0006,AQS,5,40,3,6,29,22,40.7128,-74.006,New_York,2020-03-23
275,2019-06-24,67,Ozone,Rutgers University,34-023-0011,AQS,6,67,3,.,50,37,40.7128,-74.006,New_York,2020-03-23
276,2019-06-25,61,PM2.5,PS 19,36-061-0128,AQS,6,44,3,.,61,42,40.7128,-74.006,New_York,2020-03-23
277,2019-06-26,108,Ozone,BABYLON,36-103-0002,AQS,5,108,3,16,55,54,40.7128,-74.006,New_York,2020-03-23
278,2019-06-27,105,Ozone,BABYLON,36-103-0002,AQS,6,105,3,.,59,41,40.7128,-74.006,New_York,2020-03-23
279,2019-06-28,150,Ozone,Leonia,34-003-0006,AQS,6,150,3,.,53,44,40.7128,-74.006,New_York,2020-03-23
280,2019-06-29,126,Ozone,RIVERHEAD,36-103-0004,AQS,6,126,3,16,67,31,40.7128,-74.006,New_York,2020-03-23
281,2019-06-30,46,PM2.5,Fort Lee Near Road,34-003-0010,AQS,5,40,4,.,46,21,40.7128,-74.006,New_York,2020-03-23
282,2019-07-01,47,Ozone,Monmouth University,34-025-0005,AQS,5,47,3,.,41,26,40.7128,-74.006,New_York,2020-03-23
283,2019-07-02,150,Ozone,Colliers Mills,34-029-0006,AQS,7,150,3,22,59,35,40.7128,-74.006,New_York,2020-03-23
284,2019-07-03,129,Ozone,BABYLON,36-103-0002,AQS,7,129,4,.,62,46,40.7128,-74.006,New_York,2020-03-23
285,2019-07-04,122,Ozone,Ramapo,34-031-5001,AQS,8,122,6,.,83,46,40.7128,-74.006,New_York,2020-03-23
286,2019-07-05,100,Ozone,Rockland County,36-087-0005,AQS,6,100,4,15,73,30,40.7128,-74.006,New_York,2020-03-23
287,2019-07-06,58,PM2.5,Fort Lee Near Road,34-003-0010,AQS,6,49,3,.,58,32,40.7128,-74.006,New_York,2020-03-23
288,2019-07-07,53,PM2.5,Elizabeth Lab,34-039-0004,AQS,5,38,4,.,53,19,40.7128,-74.006,New_York,2020-03-23
289,2019-07-08,54,PM2.5,Paterson,34-031-0005,AQS,6,40,3,20,54,38,40.7128,-74.006,New_York,2020-03-23
290,2019-07-09,100,Ozone,BABYLON,36-103-0002,AQS,6,100,4,.,56,42,40.7128,-74.006,New_York,2020-03-23
291,2019-07-10,112,Ozone,Rutgers University,34-023-0011,AQS,6,112,23,.,60,42,40.7128,-74.006,New_York,2020-03-23
292,2019-07-11,90,Ozone,MILLBROOK,36-027-0007,AQS,6,90,3,17,56,38,40.7128,-74.006,New_York,2020-03-23
293,2019-07-12,51,Ozone,RIVERHEAD,36-103-0004,AQS,7,51,3,.,40,21,40.7128,-74.006,New_York,2020-03-23
294,2019-07-13,80,Ozone,Colliers Mills,34-029-0006,AQS,7,80,4,.,46,23,40.7128,-74.006,New_York,2020-03-23
295,2019-07-14,64,Ozone,RIVERHEAD,36-103-0004,AQS,7,64,7,18,50,25,40.7128,-74.006,New_York,2020-03-23
296,2019-07-15,61,Ozone,BABYLON,36-103-0002,AQS,6,61,1,14,33,34,40.7128,-74.006,New_York,2020-03-23
297,2019-07-16,136,Ozone,Flax Pond,36-103-0044,AQS,8,136,4,.,55,42,40.7128,-74.006,New_York,2020-03-23
298,2019-07-17,108,Ozone,Flax Pond,36-103-0044,AQS,7,108,4,19,65,37,40.7128,-74.006,New_York,2020-03-23
299,2019-07-18,53,PM2.5,Elizabeth Lab,34-039-0004,AQS,7,45,4,.,53,43,40.7128,-74.006,New_York,2020-03-23
300,2019-07-19,93,Ozone,WHITE PLAINS,36-119-2004,AQS,6,93,3,.,63,31,40.7128,-74.006,New_York,2020-03-23
301,2019-07-20,97,Ozone,BABYLON,36-103-0002,AQS,6,97,4,23,61,28,40.7128,-74.006,New_York,2020-03-23
302,2019-07-21,84,Ozone,BABYLON,36-103-0002,AQS,6,84,6,.,58,22,40.7128,-74.006,New_York,2020-03-23
303,2019-07-22,71,Ozone,Flemington,34-019-0001,AQS,6,71,4,.,46,34,40.7128,-74.006,New_York,2020-03-23
304,2019-07-23,31,PM2.5,Fort Lee Near Road,34-003-0010,AQS,8,31,3,6,31,25,40.7128,-74.006,New_York,2020-03-23
305,2019-07-24,54,Ozone,Monmouth University,34-025-0005,AQS,9,54,1,.,41,35,40.7128,-74.006,New_York,2020-03-23
306,2019-07-25,58,Ozone,QUEENS COLLEGE 2,36-081-0124,AQS,9,58,1,.,52,36,40.7128,-74.006,New_York,2020-03-23
307,2019-07-26,108,Ozone,Leonia,34-003-0006,AQS,9,108,1,19,56,37,40.7128,-74.006,New_York,2020-03-23
308,2019-07-27,93,Ozone,Leonia,34-003-0006,AQS,9,93,1,.,56,46,40.7128,-74.006,New_York,2020-03-23
309,2019-07-28,129,Ozone,Flax Pond,36-103-0044,AQS,6,129,3,.,63,23,40.7128,-74.006,New_York,2020-03-23
310,2019-07-29,150,Ozone,Flax Pond,36-103-0044,AQS,7,150,4,20,71,40,40.7128,-74.006,New_York,2020-03-23
311,2019-07-30,105,Ozone,Leonia,34-003-0006,AQS,7,105,3,.,74,42,40.7128,-74.006,New_York,2020-03-23
312,2019-07-31,74,Ozone,Leonia,34-003-0006,AQS,7,74,3,.,66,43,40.7128,-74.006,New_York,2020-03-23
313,2019-08-01,84,Ozone,Rutgers University,34-023-0011,AQS,7,84,1,18,55,50,40.7128,-74.006,New_York,2020-03-23
314,2019-08-02,80,Ozone,Rockland County,36-087-0005,AQS,8,80,1,.,60,47,40.7128,-74.006,New_York,2020-03-23
315,2019-08-03,87,Ozone,Leonia,34-003-0006,AQS,6,87,1,.,52,27,40.7128,-74.006,New_York,2020-03-23
316,2019-08-04,90,Ozone,Monmouth University,34-025-0005,AQS,8,90,1,11,45,38,40.7128,-74.006,New_York,2020-03-23
317,2019-08-05,80,Ozone,Ramapo,34-031-5001,AQS,10,80,4,.,52,29,40.7128,-74.006,New_York,2020-03-23
318,2019-08-06,61,Ozone,Flemington,34-019-0001,AQS,8,61,6,.,60,37,40.7128,-74.006,New_York,2020-03-23
319,2019-08-07,58,PM2.5,Fort Lee Near Road,34-003-0010,AQS,8,47,1,21,58,37,40.7128,-74.006,New_York,2020-03-23
320,2019-08-08,97,Ozone,Flax Pond,36-103-0044,AQS,7,97,1,.,54,42,40.7128,-74.006,New_York,2020-03-23
321,2019-08-09,51,Ozone,Colliers Mills,34-029-0006,AQS,7,51,1,.,42,37,40.7128,-74.006,New_York,2020-03-23
322,2019-08-10,37,Ozone,Colliers Mills,34-029-0006,AQS,7,37,1,7,32,26,40.7128,-74.006,New_York,2020-03-23
323,2019-08-11,38,Ozone,Monmouth University,34-025-0005,AQS,6,38,1,.,28,31,40.7128,-74.006,New_York,2020-03-23
324,2019-08-12,67,Ozone,Flax Pond,36-103-0044,AQS,7,67,3,.,44,38,40.7128,-74.006,New_York,2020-03-23
325,2019-08-13,70,PM2.5,Elizabeth Lab,34-039-0004,AQS,7,44,3,20,70,34,40.7128,-74.006,New_York,2020-03-23
326,2019-08-14,71,PM2.5,Fort Lee Near Road,34-003-0010,AQS,11,47,3,.,71,47,40.7128,-74.006,New_York,2020-03-23
327,2019-08-15,59,PM2.5,Fort Lee Near Road,34-003-0010,AQS,11,47,1,.,59,37,40.7128,-74.006,New_York,2020-03-23
328,2019-08-16,51,PM2.5,Toms River,34-029-2002,AQS,7,48,1,16,51,34,40.7128,-74.006,New_York,2020-03-23
329,2019-08-17,71,Ozone,Ramapo,34-031-5001,AQS,15,71,1,.,49,28,40.7128,-74.006,New_York,2020-03-23
330,2019-08-18,56,PM2.5,Fort Lee Near Road,34-003-0010,AQS,7,54,1,.,56,32,40.7128,-74.006,New_York,2020-03-23
331,2019-08-19,71,Ozone,Flax Pond,36-103-0044,AQS,8,71,1,27,52,34,40.7128,-74.006,New_York,2020-03-23
332,2019-08-20,90,Ozone,Leonia,34-003-0006,AQS,6,90,1,.,50,35,40.7128,-74.006,New_York,2020-03-23
333,2019-08-21,59,PM2.5,Fort Lee Near Road,34-003-0010,AQS,8,54,1,.,59,38,40.7128,-74.006,New_York,2020-03-23
334,2019-08-22,97,Ozone,BABYLON,36-103-0002,AQS,8,97,1,11,48,27,40.7128,-74.006,New_York,2020-03-23
335,2019-08-23,37,PM2.5,Fort Lee Near Road,34-003-0010,AQS,9,33,1,.,37,31,40.7128,-74.006,New_York,2020-03-23
336,2019-08-24,37,Ozone,Monmouth University,34-025-0005,AQS,9,37,1,.,25,28,40.7128,-74.006,New_York,2020-03-23
337,2019-08-25,29,Ozone,Rutgers University,34-023-0011,AQS,13,29,4,8,27,13,40.7128,-74.006,New_York,2020-03-23
338,2019-08-26,42,Ozone,Flemington,34-019-0001,AQS,8,42,0,.,30,22,40.7128,-74.006,New_York,2020-03-23
339,2019-08-27,42,Ozone,Rockland County,36-087-0005,AQS,7,42,1,.,41,32,40.7128,-74.006,New_York,2020-03-23
340,2019-08-28,40,PM2.5,Newark Firehouse,34-013-0003,AQS,11,31,1,.,40,32,40.7128,-74.006,New_York,2020-03-23
341,2019-08-29,44,Ozone,Colliers Mills,34-029-0006,AQS,11,44,1,.,32,36,40.7128,-74.006,New_York,2020-03-23
342,2019-08-30,84,Ozone,QUEENS COLLEGE 2,36-081-0124,AQS,10,84,1,.,48,33,40.7128,-74.006,New_York,2020-03-23
343,2019-08-31,80,Ozone,Colliers Mills,34-029-0006,AQS,10,80,1,12,39,36,40.7128,-74.006,New_York,2020-03-23
344,2019-09-01,40,Ozone,Flemington,34-019-0001,AQS,6,40,1,.,31,14,40.7128,-74.006,New_York,2020-03-23
345,2019-09-02,42,PM2.5,Fort Lee Near Road,34-003-0010,AQS,5,35,1,.,42,26,40.7128,-74.006,New_York,2020-03-23
346,2019-09-03,58,Ozone,Flemington,34-019-0001,AQS,6,58,1,11,46,41,40.7128,-74.006,New_York,2020-03-23
347,2019-09-04,54,PM2.5,Fort Lee Near Road,34-003-0010,AQS,6,51,1,.,54,36,40.7128,-74.006,New_York,2020-03-23
348,2019-09-05,40,NO2,Newark Firehouse,34-013-0003,AQS,7,35,1,.,28,40,40.7128,-74.006,New_York,2020-03-23
349,2019-09-06,35,PM2.5,Fort Lee Near Road,34-003-0010,AQS,10,31,9,11,35,33,40.7128,-74.006,New_York,2020-03-23
350,2019-09-07,36,Ozone,Colliers Mills,34-029-0006,AQS,5,36,1,.,30,28,40.7128,-74.006,New_York,2020-03-23
351,2019-09-08,42,Ozone,Monmouth University,34-025-0005,AQS,7,42,1,.,37,26,40.7128,-74.006,New_York,2020-03-23
352,2019-09-09,42,Ozone,Rockland County,36-087-0005,AQS,7,42,1,10,31,37,40.7128,-74.006,New_York,2020-03-23
353,2019-09-10,40,PM2.5,Fort Lee Near Road,34-003-0010,AQS,11,40,6,.,40,34,40.7128,-74.006,New_York,2020-03-23
354,2019-09-11,80,Ozone,Rutgers University,34-023-0011,AQS,6,80,3,.,55,45,40.7128,-74.006,New_York,2020-03-23
355,2019-09-12,57,PM2.5,Elizabeth Lab,34-039-0004,AQS,10,45,1,16,57,38,40.7128,-74.006,New_York,2020-03-23
356,2019-09-13,30,PM2.5,Elizabeth Lab,34-039-0004,AQS,5,30,1,.,30,24,40.7128,-74.006,New_York,2020-03-23
357,2019-09-14,43,PM2.5,Fort Lee Near Road,34-003-0010,AQS,9,34,0,.,43,27,40.7128,-74.006,New_York,2020-03-23
358,2019-09-15,54,Ozone,BABYLON,36-103-0002,AQS,6,54,1,9,40,41,40.7128,-74.006,New_York,2020-03-23
359,2019-09-16,45,PM2.5,Fort Lee Near Road,34-003-0010,AQS,7,44,1,.,45,42,40.7128,-74.006,New_York,2020-03-23
360,2019-09-17,43,Ozone,Colliers Mills,34-029-0006,AQS,9,43,3,.,31,34,40.7128,-74.006,New_York,2020-03-23
361,2019-09-18,34,NO2,Jersey City,34-017-1002,AQS,9,32,10,15,31,34,40.7128,-74.006,New_York,2020-03-23
362,2019-09-19,46,NO2,Newark Firehouse,34-013-0003,AQS,8,42,1,.,40,46,40.7128,-74.006,New_York,2020-03-23
363,2019-09-20,74,Ozone,Flax Pond,36-103-0044,AQS,6,74,1,.,51,45,40.7128,-74.006,New_York,2020-03-23
364,2019-09-21,84,Ozone,Bayonne,34-017-0006,AQS,7,84,3,31,55,48,40.7128,-74.006,New_York,2020-03-23
365,2019-09-22,101,Ozone,MT NINHAM,36-079-0005,AQS,9,101,1,.,66,40,40.7128,-74.006,New_York,2020-03-23
366,2019-09-23,100,Ozone,Rutgers University,34-023-0011,AQS,6,100,1,.,62,39,40.7128,-74.006,New_York,2020-03-23
367,2019-09-24,41,PM2.5,Jersey City Firehouse,34-017-1003,AQS,7,33,1,11,41,29,40.7128,-74.006,New_York,2020-03-23
368,2019-09-25,48,Ozone,Flemington,34-019-0001,AQS,6,48,4,.,36,48,40.7128,-74.006,New_York,2020-03-23
369,2019-09-26,53,PM2.5,Fort Lee Near Road,34-003-0010,AQS,6,45,1,.,53,45,40.7128,-74.006,New_York,2020-03-23
370,2019-09-27,42,Ozone,Flemington,34-019-0001,AQS,7,42,3,12,41,35,40.7128,-74.006,New_York,2020-03-23
371,2019-09-28,57,PM2.5,Newark Firehouse,34-013-0003,AQS,6,50,1,.,57,33,40.7128,-74.006,New_York,2020-03-23
372,2019-09-29,40,Ozone,Monmouth University,34-025-0005,AQS,8,40,0,.,36,34,40.7128,-74.006,New_York,2020-03-23
373,2019-09-30,31,Ozone,MT NINHAM,36-079-0005,AQS,5,31,1,15,29,26,40.7128,-74.006,New_York,2020-03-23
374,2019-10-01,46,PM2.5,Fort Lee Near Road,34-003-0010,AQS,6,46,1,.,46,29,40.7128,-74.006,New_York,2020-03-23
375,2019-10-02,58,Ozone,Colliers Mills,34-029-0006,AQS,5,58,3,.,56,33,40.7128,-74.006,New_York,2020-03-23
376,2019-10-03,30,PM2.5,Elizabeth Lab,34-039-0004,AQS,6,24,0,6,30,25,40.7128,-74.006,New_York,2020-03-23
377,2019-10-04,44,NO2,Fort Lee Near Road,34-003-0010,AQS,6,31,0,.,28,44,40.7128,-74.006,New_York,2020-03-23
378,2019-10-05,39,PM2.5,Fort Lee Near Road,34-003-0010,AQS,5,32,1,.,39,21,40.7128,-74.006,New_York,2020-03-23
379,2019-10-06,42,PM2.5,Fort Lee Near Road,34-003-0010,AQS,6,35,0,16,42,31,40.7128,-74.006,New_York,2020-03-23
380,2019-10-07,36,Ozone,Rutgers University,34-023-0011,AQS,5,36,0,.,33,33,40.7128,-74.006,New_York,2020-03-23
381,2019-10-08,31,Ozone,RIVERHEAD,36-103-0004,AQS,5,31,1,.,30,27,40.7128,-74.006,New_York,2020-03-23
382,2019-10-09,29,PM2.5,Elizabeth Lab,34-039-0004,AQS,5,21,0,6,29,21,40.7128,-74.006,New_York,2020-03-23
383,2019-10-10,39,PM2.5,Fort Lee Near Road,34-003-0010,AQS,3,35,1,.,39,24,40.7128,-74.006,New_York,2020-03-23
384,2019-10-11,34,Ozone,Flemington,34-019-0001,AQS,5,34,1,.,22,21,40.7128,-74.006,New_York,2020-03-23
385,2019-10-12,39,NO2,Jersey City,34-017-1002,AQS,7,33,1,10,30,39,40.7128,-74.006,New_York,2020-03-23
386,2019-10-13,33,PM2.5,Elizabeth Lab,34-039-0004,AQS,6,33,1,.,33,25,40.7128,-74.006,New_York,2020-03-23
387,2019-10-14,45,PM2.5,Fort Lee Near Road,34-003-0010,AQS,5,44,3,.,45,38,40.7128,-74.006,New_York,2020-03-23
388,2019-10-15,39,PM2.5,Fort Lee Near Road,34-003-0010,AQS,6,34,1,10,39,36,40.7128,-74.006,New_York,2020-03-23
389,2019-10-16,44,Ozone,QUEENS COLLEGE 2,36-081-0124,AQS,7,44,3,.,43,41,40.7128,-74.006,New_York,2020-03-23
390,2019-10-17,43,PM2.5,Elizabeth Lab,34-039-0004,AQS,5,31,0,.,43,15,40.7128,-74.006,New_York,2020-03-23
391,2019-10-18,29,Ozone,Chester,34-027-3001,AQS,3,29,1,5,20,23,40.7128,-74.006,New_York,2020-03-23
392,2019-10-19,39,NO2,IS 52,36-005-0110,AQS,8,33,3,.,38,39,40.7128,-74.006,New_York,2020-03-23
393,2019-10-20,66,PM2.5,Elizabeth Lab,34-039-0004,AQS,14,38,4,.,66,42,40.7128,-74.006,New_York,2020-03-23
394,2019-10-21,44,PM2.5,Fort Lee Near Road,34-003-0010,AQS,9,39,3,14,44,43,40.7128,-74.006,New_York,2020-03-23
395,2019-10-22,43,PM2.5,Fort Lee Near Road,34-003-0010,AQS,9,31,1,.,43,42,40.7128,-74.006,New_York,2020-03-23
396,2019-10-23,56,NO2,Elizabeth Lab,34-039-0004,AQS,6,38,1,.,47,56,40.7128,-74.006,New_York,2020-03-23
397,2019-10-24,56,NO2,Jersey City,34-017-1002,AQS,9,40,4,19,43,56,40.7128,-74.006,New_York,2020-03-23
398,2019-10-25,82,NO2,Jersey City,34-017-1002,AQS,14,37,7,.,58,82,40.7128,-74.006,New_York,2020-03-23
399,2019-10-26,43,PM2.5,Fort Lee Near Road,34-003-0010,AQS,8,33,3,.,43,30,40.7128,-74.006,New_York,2020-03-23
400,2019-10-27,35,Ozone,QUEENS COLLEGE 2,36-081-0124,AQS,6,35,3,7,33,23,40.7128,-74.006,New_York,2020-03-23
401,2019-10-28,32,NO2,Jersey City,34-017-1002,AQS,6,31,3,.,30,32,40.7128,-74.006,New_York,2020-03-23
402,2019-10-29,37,NO2,Elizabeth Lab,34-039-0004,AQS,9,31,1,.,30,37,40.7128,-74.006,New_York,2020-03-23
403,2019-10-30,45,PM2.5,Elizabeth Lab,34-039-0004,AQS,9,31,1,10,45,34,40.7128,-74.006,New_York,2020-03-23
404,2019-10-31,44,PM2.5,Fort Lee Near Road,34-003-0010,AQS,8,35,0,.,44,31,40.7128,-74.006,New_York,2020-03-23
405,2019-11-01,31,PM2.5,Elizabeth Lab,34-039-0004,AQS,3,31,0,.,31,22,40.7128,-74.006,New_York,2020-03-23
406,2019-11-02,40,PM2.5,Fort Lee Near Road,34-003-0010,AQS,9,29,1,7,40,31,40.7128,-74.006,New_York,2020-03-23
407,2019-11-03,41,PM2.5,Flemington,34-019-0001,AQS,7,31,3,.,41,32,40.7128,-74.006,New_York,2020-03-23
408,2019-11-04,64,NO2,Jersey City,34-017-1002,AQS,10,32,6,.,48,64,40.7128,-74.006,New_York,2020-03-23
409,2019-11-05,61,NO2,Jersey City,34-017-1002,AQS,10,31,4,19,46,61,40.7128,-74.006,New_York,2020-03-23
410,2019-11-06,45,NO2,Jersey City,34-017-1002,AQS,7,33,1,.,44,45,40.7128,-74.006,New_York,2020-03-23
411,2019-11-07,56,PM2.5,Fort Lee Near Road,34-003-0010,AQS,9,31,1,.,56,43,40.7128,-74.006,New_York,2020-03-23
412,2019-11-08,30,NO2,Fort Lee Near Road,34-003-0010,AQS,3,27,1,.,22,30,40.7128,-74.006,New_York,2020-03-23
413,2019-11-09,36,NO2,Jersey City,34-017-1002,AQS,7,25,3,.,35,36,40.7128,-74.006,New_York,2020-03-23
414,2019-11-10,66,PM2.5,Newark Firehouse,34-013-0003,AQS,13,31,4,.,66,42,40.7128,-74.006,New_York,2020-03-23
415,2019-11-11,87,PM2.5,Newark Firehouse,34-013-0003,AQS,15,37,6,31,87,52,40.7128,-74.006,New_York,2020-03-23
416,2019-11-12,40,PM2.5,Elizabeth Lab,34-039-0004,AQS,6,33,7,.,40,33,40.7128,-74.006,New_York,2020-03-23
417,2019-11-13,35,Ozone,MT NINHAM,36-079-0005,AQS,5,35,3,.,23,34,40.7128,-74.006,New_York,2020-03-23
418,2019-11-14,55,NO2,Bayonne,34-017-0006,AQS,14,28,9,.,49,55,40.7128,-74.006,New_York,2020-03-23
419,2019-11-15,62,PM2.5,Elizabeth Lab,34-039-0004,AQS,9,31,6,.,62,46,40.7128,-74.006,New_York,2020-03-23
420,2019-11-16,33,PM2.5,Elizabeth Lab,34-039-0004,AQS,5,33,1,.,33,25,40.7128,-74.006,New_York,2020-03-23
421,2019-11-17,36,NO2,Queens College Near Road,36-081-0125,AQS,3,31,1,10,25,36,40.7128,-74.006,New_York,2020-03-23
422,2019-11-18,38,PM2.5,Newark Firehouse,34-013-0003,AQS,6,29,1,.,38,33,40.7128,-74.006,New_York,2020-03-23
423,2019-11-19,45,PM2.5,Newark Firehouse,34-013-0003,AQS,6,28,3,.,45,30,40.7128,-74.006,New_York,2020-03-23
424,2019-11-20,43,PM2.5,Fort Lee Near Road,34-003-0010,AQS,5,31,4,.,43,26,40.7128,-74.006,New_York,2020-03-23
425,2019-11-21,56,PM2.5,Jersey City Firehouse,34-017-1003,AirNow,11,33,3,.,56,42,40.7128,-74.006,New_York,2020-03-23
426,2019-11-22,52,PM2.5,Fort Lee Near Road,34-003-0010,AQS,10,27,3,.,52,36,40.7128,-74.006,New_York,2020-03-23
427,2019-11-23,36,PM2.5,Jersey City Firehouse,34-017-1003,AQS,13,32,1,9,36,35,40.7128,-74.006,New_York,2020-03-23
428,2019-11-24,34,PM2.5,Fort Lee Near Road,34-003-0010,AQS,13,30,1,.,34,34,40.7128,-74.006,New_York,2020-03-23
429,2019-11-25,71,PM2.5,Jersey City Firehouse,34-017-1003,AQS,10,26,3,.,71,42,40.7128,-74.006,New_York,2020-03-23
430,2019-11-26,92,PM2.5,Jersey City Firehouse,34-017-1003,AQS,11,32,6,19,92,63,40.7128,-74.006,New_York,2020-03-23
431,2019-11-27,73,PM2.5,Jersey City Firehouse,34-017-1003,AQS,22,32,9,.,73,70,40.7128,-74.006,New_York,2020-03-23
432,2019-11-28,30,Ozone,MT NINHAM,36-079-0005,AQS,5,30,0,.,23,9,40.7128,-74.006,New_York,2020-03-23
433,2019-11-29,29,Ozone,MT NINHAM,36-079-0005,AQS,3,29,3,5,18,21,40.7128,-74.006,New_York,2020-03-23
434,2019-11-30,38,NO2,Elizabeth Lab,34-039-0004,AQS,6,34,3,5,28,38,40.7128,-74.006,New_York,2020-03-23
435,2019-12-01,37,PM2.5,Rutgers University,34-023-0011,AQS,6,36,6,.,37,35,40.7128,-74.006,New_York,2020-03-23
436,2019-12-02,36,Ozone,Rockland County,36-087-0005,AirNow,5,36,3,6,21,36,40.7128,-74.006,New_York,2020-03-23
437,2019-12-03,41,NO2,Fort Lee Near Road,34-003-0010,AQS,6,37,3,.,32,41,40.7128,-74.006,New_York,2020-03-23
438,2019-12-04,57,PM2.5,IS 52,36-005-0110,AQS,8,26,4,.,57,36,40.7128,-74.006,New_York,2020-03-23
439,2019-12-05,36,PM2.5,Jersey City Firehouse,34-017-1003,AQS,7,32,1,11,36,31,40.7128,-74.006,New_York,2020-03-23
440,2019-12-06,44,NO2,Fort Lee Near Road,34-003-0010,AQS,13,29,4,.,38,44,40.7128,-74.006,New_York,2020-03-23
441,2019-12-07,35,PM2.5,FRESHKILLS WEST,36-085-0111,AQS,5,32,4,.,35,32,40.7128,-74.006,New_York,2020-03-23
442,2019-12-08,42,NO2,Elizabeth Lab,34-039-0004,AQS,13,31,1,9,38,42,40.7128,-74.006,New_York,2020-03-23
443,2019-12-09,51,NO2,Elizabeth Lab,34-039-0004,AQS,15,32,3,.,43,51,40.7128,-74.006,New_York,2020-03-23
444,2019-12-10,48,PM2.5,Newark Firehouse,34-013-0003,AQS,10,27,1,.,48,25,40.7128,-74.006,New_York,2020-03-23
445,2019-12-11,33,PM2.5,Elizabeth Lab,34-039-0004,AQS,7,30,9,13,33,30,40.7128,-74.006,New_York,2020-03-23
446,2019-12-12,51,PM2.5,PS 274,36-047-0118,AQS,10,31,4,.,51,46,40.7128,-74.006,New_York,2020-03-23
447,2019-12-13,65,PM2.5,Elizabeth Lab,34-039-0004,AQS,14,36,4,.,65,60,40.7128,-74.006,New_York,2020-03-23
448,2019-12-14,40,NO2,QUEENS COLLEGE 2,36-081-0124,AQS,9,32,1,4,30,40,40.7128,-74.006,New_York,2020-03-23
449,2019-12-15,37,PM2.5,Intermediate School 143,36-061-0115,AQS,5,31,1,.,37,19,40.7128,-74.006,New_York,2020-03-23
450,2019-12-16,74,PM2.5,Toms River,34-029-2002,AQS,7,31,6,.,74,42,40.7128,-74.006,New_York,2020-03-23
451,2019-12-17,50,PM2.5,Rutgers University,34-023-0011,AQS,8,31,21,7,50,42,40.7128,-74.006,New_York,2020-03-23
452,2019-12-18,39,NO2,Bayonne,34-017-0006,AQS,5,33,1,.,35,39,40.7128,-74.006,New_York,2020-03-23
453,2019-12-19,58,PM2.5,PS 274,36-047-0118,AQS,5,32,4,.,58,23,40.7128,-74.006,New_York,2020-03-23
454,2019-12-20,45,PM2.5,PS 274,36-047-0118,AQS,7,34,4,14,45,36,40.7128,-74.006,New_York,2020-03-23
455,2019-12-21,58,PM2.5,Elizabeth Lab,34-039-0004,AQS,11,28,3,.,58,44,40.7128,-74.006,New_York,2020-03-23
456,2019-12-22,95,PM2.5,IS 52,36-005-0110,AQS,13,24,4,.,95,42,40.7128,-74.006,New_York,2020-03-23
457,2019-12-23,85,PM2.5,Elizabeth Lab,34-039-0004,AQS,15,32,7,40,85,48,40.7128,-74.006,New_York,2020-03-23
458,2019-12-24,65,PM2.5,Flemington,34-019-0001,AQS,10,31,3,.,65,42,40.7128,-74.006,New_York,2020-03-23
459,2019-12-25,61,PM2.5,Flemington,34-019-0001,AQS,15,31,3,.,61,45,40.7128,-74.006,New_York,2020-03-23
460,2019-12-26,79,PM2.5,Flemington,34-019-0001,AQS,19,31,3,29,79,47,40.7128,-74.006,New_York,2020-03-23
461,2019-12-27,58,PM2.5,Fort Lee Near Road,34-003-0010,AQS,9,31,41,.,58,47,40.7128,-74.006,New_York,2020-03-23
462,2019-12-28,64,PM2.5,Fort Lee Near Road,34-003-0010,AQS,7,28,3,.,64,32,40.7128,-74.006,New_York,2020-03-23
463,2019-12-29,62,PM2.5,Flemington,34-019-0001,AQS,13,32,10,19,62,39,40.7128,-74.006,New_York,2020-03-23
464,2019-12-30,39,NO2,Elizabeth Lab,34-039-0004,AQS,6,32,16,.,21,39,40.7128,-74.006,New_York,2020-03-23
465,2019-12-31,35,PM2.5,Fort Lee Near Road,34-003-0010,AQS,9,30,4,.,35,32,40.7128,-74.006,New_York,2020-03-23
