,date,Overall_AQI_Value,main_pollutant,site_name,site_id,source_aqi,co,ozone,so2,pm10,pm25,no2,lat,lon,city_name,state_ordinance
0,2020-01-01,102,PM2.5,Long Beach-Route 710 Near Road,06-037-4008,AirNow,,44,,,102,,34.0522,-118.2437,Los_Angeles,2020-03-23
1,2020-01-02,66,PM2.5,Long Beach-Route 710 Near Road,06-037-4008,AirNow,,40,,,66,,34.0522,-118.2437,Los_Angeles,2020-03-23
2,2020-01-03,87,PM2.5,Long Beach-Route 710 Near Road,06-037-4008,AirNow,,41,,,87,,34.0522,-118.2437,Los_Angeles,2020-03-23
3,2020-01-04,99,PM2.5,Long Beach-Route 710 Near Road,06-037-4008,AirNow,,36,,,99,,34.0522,-118.2437,Los_Angeles,2020-03-23
4,2020-01-05,96,PM2.5,Long Beach-Route 710 Near Road,06-037-4008,AirNow,,40,,,96,,34.0522,-118.2437,Los_Angeles,2020-03-23
5,2020-01-06,72,PM2.5,Long Beach-Route 710 Near Road,06-037-4008,AirNow,,42,,,72,,34.0522,-118.2437,Los_Angeles,2020-03-23
6,2020-01-07,38,PM2.5,Long Beach-Route 710 Near Road,06-037-4008,AirNow,,34,,,38,,34.0522,-118.2437,Los_Angeles,2020-03-23
7,2020-01-08,57,PM2.5,Long Beach-Route 710 Near Road,06-037-4008,AirNow,,38,,,57,,34.0522,-118.2437,Los_Angeles,2020-03-23
8,2020-01-09,50,PM2.5,Long Beach-Route 710 Near Road,06-037-4008,AirNow,,37,,,50,,34.0522,-118.2437,Los_Angeles,2020-03-23
9,2020-01-10,65,PM2.5,Long Beach-Route 710 Near Road,06-037-4008,AirNow,,34,,,65,,34.0522,-118.2437,Los_Angeles,2020-03-23
10,2020-01-11,75,PM2.5,Long Beach-Route 710 Near Road,06-037-4008,AirNow,,38,,,75,,34.0522,-118.2437,Los_Angeles,2020-03-23
11,2020-01-12,67,PM2.5,Long Beach-Route 710 Near Road,06-037-4008,AirNow,,42,,,67,,34.0522,-118.2437,Los_Angeles,2020-03-23
12,2020-01-13,81,PM2.5,Long Beach-Route 710 Near Road,06-037-4008,AirNow,,42,,,81,,34.0522,-118.2437,Los_Angeles,2020-03-23
13,2020-01-14,85,PM2.5,Long Beach-Route 710 Near Road,06-037-4008,AirNow,,44,,,85,,34.0522,-118.2437,Los_Angeles,2020-03-23
14,2020-01-15,124,PM2.5,Long Beach-Route 710 Near Road,06-037-4008,AirNow,,40,,,124,,34.0522,-118.2437,Los_Angeles,2020-03-23
15,2020-01-16,88,PM2.5,Long Beach (South),06-037-4004,AirNow,,46,,,88,,34.0522,-118.2437,Los_Angeles,2020-03-23
16,2020-01-17,38,Ozone,Santa Clarita,06-037-6012,AirNow,,38,,,36,,34.0522,-118.2437,Los_Angeles,2020-03-23
17,2020-01-18,62,PM2.5,Long Beach (South),06-037-4004,AirNow,,41,,,62,,34.0522,-118.2437,Los_Angeles,2020-03-23
18,2020-01-19,58,PM2.5,Long Beach (South),06-037-4004,AirNow,,39,,,58,,34.0522,-118.2437,Los_Angeles,2020-03-23
19,2020-01-20,61,PM2.5,Los Angeles-North Main Street,06-037-1103,AirNow,,35,,,61,,34.0522,-118.2437,Los_Angeles,2020-03-23
20,2020-01-21,49,PM2.5,Glendora,06-037-0016,AirNow,,39,,,49,,34.0522,-118.2437,Los_Angeles,2020-03-23
21,2020-01-22,53,PM2.5,Long Beach (South),06-037-4004,AirNow,,38,,,53,,34.0522,-118.2437,Los_Angeles,2020-03-23
22,2020-01-23,58,PM2.5,Long Beach (South),06-037-4004,AirNow,,37,,,58,,34.0522,-118.2437,Los_Angeles,2020-03-23
23,2020-01-24,61,PM2.5,Long Beach (South),06-037-4004,AirNow,,33,,,61,,34.0522,-118.2437,Los_Angeles,2020-03-23
24,2020-01-25,88,PM2.5,Anaheim,06-059-0007,AirNow,,38,,,88,,34.0522,-118.2437,Los_Angeles,2020-03-23
25,2020-01-26,108,PM2.5,Los Angeles-North Main Street,06-037-1103,AirNow,,42,,,108,,34.0522,-118.2437,Los_Angeles,2020-03-23
26,2020-01-27,77,PM2.5,Long Beach (South),06-037-4004,AirNow,,40,,,77,,34.0522,-118.2437,Los_Angeles,2020-03-23
27,2020-01-28,57,PM2.5,Long Beach (South),06-037-4004,AirNow,,42,,,57,,34.0522,-118.2437,Los_Angeles,2020-03-23
28,2020-01-29,46,PM2.5,Long Beach (South),06-037-4004,AirNow,,44,,,46,,34.0522,-118.2437,Los_Angeles,2020-03-23
29,2020-01-30,59,PM2.5,Long Beach-Route 710 Near Road,06-037-4008,AirNow,,41,,,59,,34.0522,-118.2437,Los_Angeles,2020-03-23
30,2020-01-31,67,PM2.5,Long Beach-Route 710 Near Road,06-037-4008,AirNow,,38,,,67,,34.0522,-118.2437,Los_Angeles,2020-03-23
31,2020-02-01,59,PM2.5,Long Beach-Route 710 Near Road,06-037-4008,AirNow,,47,,,59,,34.0522,-118.2437,Los_Angeles,2020-03-23
32,2020-02-02,69,PM2.5,Long Beach-Route 710 Near Road,06-037-4008,AirNow,,44,,,69,,34.0522,-118.2437,Los_Angeles,2020-03-23
33,2020-02-03,45,Ozone,Pasadena,06-037-2005,AirNow,,45,,,26,,34.0522,-118.2437,Los_Angeles,2020-03-23
34,2020-02-04,44,Ozone,Mission Viejo,06-059-2022,AirNow,,44,,,31,,34.0522,-118.2437,Los_Angeles,2020-03-23
35,2020-02-05,52,PM2.5,Long Beach (South),06-037-4004,AirNow,,39,,,52,,34.0522,-118.2437,Los_Angeles,2020-03-23
36,2020-02-06,62,PM2.5,Long Beach-Route 710 Near Road,06-037-4008,AirNow,,39,,,62,,34.0522,-118.2437,Los_Angeles,2020-03-23
37,2020-02-07,76,PM2.5,Long Beach-Route 710 Near Road,06-037-4008,AirNow,,44,,,76,,34.0522,-118.2437,Los_Angeles,2020-03-23
38,2020-02-08,76,PM2.5,Long Beach-Route 710 Near Road,06-037-4008,AirNow,,67,,,76,,34.0522,-118.2437,Los_Angeles,2020-03-23
39,2020-02-09,51,PM2.5,Los Angeles-North Main Street,06-037-1103,AirNow,,42,,,51,,34.0522,-118.2437,Los_Angeles,2020-03-23
40,2020-02-10,42,PM2.5,Long Beach-Route 710 Near Road,06-037-4008,AirNow,,41,,,42,,34.0522,-118.2437,Los_Angeles,2020-03-23
41,2020-02-11,45,PM2.5,Long Beach-Route 710 Near Road,06-037-4008,AirNow,,45,,,45,,34.0522,-118.2437,Los_Angeles,2020-03-23
42,2020-02-12,52,PM2.5,Long Beach-Route 710 Near Road,06-037-4008,AirNow,,44,,,52,,34.0522,-118.2437,Los_Angeles,2020-03-23
43,2020-02-13,62,PM2.5,Long Beach-Route 710 Near Road,06-037-4008,AirNow,,46,,,62,,34.0522,-118.2437,Los_Angeles,2020-03-23
44,2020-02-14,64,PM2.5,Los Angeles-North Main Street,06-037-1103,AirNow,,49,,,64,,34.0522,-118.2437,Los_Angeles,2020-03-23
45,2020-02-15,67,PM2.5,Long Beach-Route 710 Near Road,06-037-4008,AirNow,,61,,,67,,34.0522,-118.2437,Los_Angeles,2020-03-23
46,2020-02-16,80,Ozone,Pomona,06-037-1701,AirNow,,80,,,64,,34.0522,-118.2437,Los_Angeles,2020-03-23
47,2020-02-17,71,Ozone,Pasadena,06-037-2005,AirNow,,71,,,70,,34.0522,-118.2437,Los_Angeles,2020-03-23
48,2020-02-18,72,PM2.5,Los Angeles-North Main Street,06-037-1103,AirNow,,45,,,72,,34.0522,-118.2437,Los_Angeles,2020-03-23
49,2020-02-19,80,PM2.5,Glendora,06-037-0016,AirNow,,50,,,80,,34.0522,-118.2437,Los_Angeles,2020-03-23
50,2020-02-20,78,PM2.5,Long Beach-Route 710 Near Road,06-037-4008,AirNow,,49,,,78,,34.0522,-118.2437,Los_Angeles,2020-03-23
51,2020-02-21,70,PM2.5,Long Beach (South),06-037-4004,AirNow,,58,,,70,,34.0522,-118.2437,Los_Angeles,2020-03-23
52,2020-02-22,42,Ozone,Pasadena,06-037-2005,AirNow,,42,,,34,,34.0522,-118.2437,Los_Angeles,2020-03-23
53,2020-02-23,53,PM2.5,Glendora,06-037-0016,AirNow,,47,,,53,,34.0522,-118.2437,Los_Angeles,2020-03-23
54,2020-02-24,59,PM2.5,Glendora,06-037-0016,AirNow,,44,,,59,,34.0522,-118.2437,Los_Angeles,2020-03-23
55,2020-02-25,61,PM2.5,Long Beach-Route 710 Near Road,06-037-4008,AirNow,,46,,,61,,34.0522,-118.2437,Los_Angeles,2020-03-23
56,2020-02-26,51,PM2.5,Long Beach-Route 710 Near Road,06-037-4008,AirNow,,43,,,51,,34.0522,-118.2437,Los_Angeles,2020-03-23
57,2020-02-27,57,PM2.5,Long Beach-Route 710 Near Road,06-037-4008,AirNow,,43,,,57,,34.0522,-118.2437,Los_Angeles,2020-03-23
58,2020-02-28,46,PM2.5,Long Beach (South),06-037-4004,AirNow,,45,,,46,,34.0522,-118.2437,Los_Angeles,2020-03-23
59,2020-02-29,51,Ozone,Pasadena,06-037-2005,AirNow,,51,,,47,,34.0522,-118.2437,Los_Angeles,2020-03-23
60,2020-03-01,46,PM2.5,Glendora,06-037-0016,AirNow,,46,,,46,,34.0522,-118.2437,Los_Angeles,2020-03-23
61,2020-03-02,45,Ozone,Pasadena,06-037-2005,AirNow,,45,,,35,,34.0522,-118.2437,Los_Angeles,2020-03-23
62,2020-03-03,44,Ozone,Pasadena,06-037-2005,AirNow,,44,,,39,,34.0522,-118.2437,Los_Angeles,2020-03-23
63,2020-03-04,59,PM2.5,Los Angeles-North Main Street,06-037-1103,AirNow,,44,,,59,,34.0522,-118.2437,Los_Angeles,2020-03-23
64,2020-03-05,72,PM2.5,Long Beach (South),06-037-4004,AirNow,,61,,,72,,34.0522,-118.2437,Los_Angeles,2020-03-23
65,2020-03-06,66,PM2.5,Glendora,06-037-0016,AirNow,,58,,,66,,34.0522,-118.2437,Los_Angeles,2020-03-23
66,2020-03-07,42,Ozone,Pasadena,06-037-2005,AirNow,,42,,,37,,34.0522,-118.2437,Los_Angeles,2020-03-23
67,2020-03-08,42,Ozone,Pasadena,06-037-2005,AirNow,,42,,,27,,34.0522,-118.2437,Los_Angeles,2020-03-23
68,2020-03-09,38,Ozone,Pasadena,06-037-2005,AirNow,,38,,,36,,34.0522,-118.2437,Los_Angeles,2020-03-23
69,2020-03-10,28,Ozone,Reseda,06-037-1201,AirNow,,28,,,23,,34.0522,-118.2437,Los_Angeles,2020-03-23
70,2020-03-11,41,Ozone,Reseda,06-037-1201,AirNow,,41,,,25,,34.0522,-118.2437,Los_Angeles,2020-03-23
71,2020-03-12,43,PM2.5,Long Beach-Route 710 Near Road,06-037-4008,AirNow,,31,,,43,,34.0522,-118.2437,Los_Angeles,2020-03-23
72,2020-03-13,37,Ozone,Santa Clarita,06-037-6012,AirNow,,37,,,35,,34.0522,-118.2437,Los_Angeles,2020-03-23
73,2020-03-14,41,Ozone,Reseda,06-037-1201,AirNow,,41,,,30,,34.0522,-118.2437,Los_Angeles,2020-03-23
74,2020-03-15,43,Ozone,Pasadena,06-037-2005,AirNow,,43,,,30,,34.0522,-118.2437,Los_Angeles,2020-03-23
75,2020-03-16,38,Ozone,Lancaster-Division Street,06-037-9033,AirNow,,38,,,37,,34.0522,-118.2437,Los_Angeles,2020-03-23
76,2020-03-17,43,Ozone,Pasadena,06-037-2005,AirNow,,43,,,34,,34.0522,-118.2437,Los_Angeles,2020-03-23
77,2020-03-18,46,PM2.5,Long Beach-Route 710 Near Road,06-037-4008,AirNow,,44,,,46,,34.0522,-118.2437,Los_Angeles,2020-03-23
78,2020-03-19,44,Ozone,Reseda,06-037-1201,AirNow,,44,,,29,,34.0522,-118.2437,Los_Angeles,2020-03-23
79,2020-03-20,43,Ozone,Pasadena,06-037-2005,AirNow,,43,,,25,,34.0522,-118.2437,Los_Angeles,2020-03-23
80,2020-03-21,47,Ozone,Reseda,06-037-1201,AirNow,,47,,,32,,34.0522,-118.2437,Los_Angeles,2020-03-23
81,2020-03-22,43,Ozone,Pasadena,06-037-2005,AirNow,,43,,,33,,34.0522,-118.2437,Los_Angeles,2020-03-23
82,2020-03-23,45,Ozone,Pasadena,06-037-2005,AirNow,,45,,,22,,34.0522,-118.2437,Los_Angeles,2020-03-23
83,2020-03-24,43,Ozone,Pasadena,06-037-2005,AirNow,,43,,,27,,34.0522,-118.2437,Los_Angeles,2020-03-23
84,2020-03-25,44,Ozone,Reseda,06-037-1201,AirNow,,44,,,24,,34.0522,-118.2437,Los_Angeles,2020-03-23
85,2020-03-26,45,Ozone,Pasadena,06-037-2005,AirNow,,45,,,25,,34.0522,-118.2437,Los_Angeles,2020-03-23
86,2020-03-27,47,Ozone,Reseda,06-037-1201,AirNow,,47,,,36,,34.0522,-118.2437,Los_Angeles,2020-03-23
87,2020-03-28,54,Ozone,Pasadena,06-037-2005,AirNow,,54,,,42,,34.0522,-118.2437,Los_Angeles,2020-03-23
88,2020-03-29,54,Ozone,Pasadena,06-037-2005,AirNow,,54,,,43,,34.0522,-118.2437,Los_Angeles,2020-03-23
89,2020-03-30,54,Ozone,Pasadena,06-037-2005,AirNow,,54,,,41,,34.0522,-118.2437,Los_Angeles,2020-03-23
90,2020-03-31,74,Ozone,Pasadena,06-037-2005,AirNow,,74,,,52,,34.0522,-118.2437,Los_Angeles,2020-03-23
91,2020-04-01,67,Ozone,Glendora,06-037-0016,AirNow,,67,,,53,,34.0522,-118.2437,Los_Angeles,2020-03-23
92,2020-04-02,50,PM2.5,Glendora,06-037-0016,AirNow,,49,,,50,,34.0522,-118.2437,Los_Angeles,2020-03-23
93,2020-04-03,54,Ozone,Pasadena,06-037-2005,AirNow,,54,,,53,,34.0522,-118.2437,Los_Angeles,2020-03-23
94,2020-04-04,51,Ozone,Reseda,06-037-1201,AirNow,,51,,,45,,34.0522,-118.2437,Los_Angeles,2020-03-23
95,2020-04-05,37,Ozone,Pomona,06-037-1701,AirNow,,37,,,32,,34.0522,-118.2437,Los_Angeles,2020-03-23
96,2020-04-06,42,Ozone,Reseda,06-037-1201,AirNow,,42,,,23,,34.0522,-118.2437,Los_Angeles,2020-03-23
97,2020-04-07,40,Ozone,Reseda,06-037-1201,AirNow,,40,,,26,,34.0522,-118.2437,Los_Angeles,2020-03-23
98,2020-04-08,43,Ozone,Reseda,06-037-1201,AirNow,,43,,,26,,34.0522,-118.2437,Los_Angeles,2020-03-23
99,2020-04-09,35,Ozone,Reseda,06-037-1201,AirNow,,35,,,22,,34.0522,-118.2437,Los_Angeles,2020-03-23
100,2019-01-01,67,PM2.5,Los Angeles-North Main Street,06-037-1103,AQS,19.0,39,3.0,23.0,67,37.0,34.0522,-118.2437,Los_Angeles,2020-03-23
101,2019-01-02,93,PM2.5,Long Beach-Route 710 Near Road,06-037-4008,AQS,23.0,36,3.0,22.0,93,68.0,34.0522,-118.2437,Los_Angeles,2020-03-23
102,2019-01-03,67,PM2.5,Long Beach-Route 710 Near Road,06-037-4008,AQS,19.0,33,6.0,44.0,67,64.0,34.0522,-118.2437,Los_Angeles,2020-03-23
103,2019-01-04,85,PM2.5,Long Beach-Route 710 Near Road,06-037-4008,AQS,20.0,30,4.0,30.0,85,61.0,34.0522,-118.2437,Los_Angeles,2020-03-23
104,2019-01-05,83,PM2.5,Long Beach-Route 710 Near Road,06-037-4008,AQS,23.0,35,1.0,26.0,83,44.0,34.0522,-118.2437,Los_Angeles,2020-03-23
105,2019-01-06,52,PM2.5,Long Beach-Route 710 Near Road,06-037-4008,AQS,6.0,39,1.0,11.0,52,33.0,34.0522,-118.2437,Los_Angeles,2020-03-23
106,2019-01-07,53,NO2,Long Beach-Route 710 Near Road,06-037-4008,AQS,15.0,38,1.0,14.0,51,53.0,34.0522,-118.2437,Los_Angeles,2020-03-23
107,2019-01-08,62,PM2.5,Long Beach-Route 710 Near Road,06-037-4008,AQS,18.0,37,1.0,16.0,62,53.0,34.0522,-118.2437,Los_Angeles,2020-03-23
108,2019-01-09,74,PM2.5,Compton,06-037-1302,AQS,25.0,36,4.0,35.0,74,48.0,34.0522,-118.2437,Los_Angeles,2020-03-23
109,2019-01-10,67,PM2.5,Long Beach-Route 710 Near Road,06-037-4008,AQS,18.0,35,1.0,23.0,67,47.0,34.0522,-118.2437,Los_Angeles,2020-03-23
110,2019-01-11,91,PM2.5,Long Beach-Route 710 Near Road,06-037-4008,AQS,11.0,28,1.0,29.0,91,35.0,34.0522,-118.2437,Los_Angeles,2020-03-23
111,2019-01-12,51,PM2.5,Long Beach (North),06-037-4002,AQS,15.0,39,0.0,8.0,51,36.0,34.0522,-118.2437,Los_Angeles,2020-03-23
112,2019-01-13,67,PM2.5,Long Beach-Route 710 Near Road,06-037-4008,AQS,17.0,39,3.0,13.0,67,45.0,34.0522,-118.2437,Los_Angeles,2020-03-23
113,2019-01-14,53,PM2.5,Reseda,06-037-1201,AQS,16.0,39,0.0,6.0,53,43.0,34.0522,-118.2437,Los_Angeles,2020-03-23
114,2019-01-15,46,PM2.5,Reseda,06-037-1201,AQS,9.0,39,0.0,8.0,46,42.0,34.0522,-118.2437,Los_Angeles,2020-03-23
115,2019-01-16,38,NO2,LAX Hastings,06-037-5005,AQS,6.0,35,1.0,3.0,25,38.0,34.0522,-118.2437,Los_Angeles,2020-03-23
116,2019-01-17,44,NO2,Long Beach-Route 710 Near Road,06-037-4008,AQS,9.0,31,0.0,3.0,27,44.0,34.0522,-118.2437,Los_Angeles,2020-03-23
117,2019-01-18,57,PM2.5,Long Beach-Route 710 Near Road,06-037-4008,AQS,11.0,36,1.0,25.0,57,43.0,34.0522,-118.2437,Los_Angeles,2020-03-23
118,2019-01-19,53,PM2.5,Long Beach (South),06-037-4004,AQS,14.0,37,0.0,19.0,53,41.0,34.0522,-118.2437,Los_Angeles,2020-03-23
119,2019-01-20,45,PM2.5,Long Beach-Route 710 Near Road,06-037-4008,AQS,16.0,36,4.0,8.0,45,29.0,34.0522,-118.2437,Los_Angeles,2020-03-23
120,2019-01-21,40,Ozone,Azusa,06-037-0002,AQS,7.0,40,0.0,34.0,23,39.0,34.0522,-118.2437,Los_Angeles,2020-03-23
121,2019-01-22,71,NO2,Long Beach-Route 710 Near Road,06-037-4008,AQS,16.0,43,1.0,19.0,51,71.0,34.0522,-118.2437,Los_Angeles,2020-03-23
122,2019-01-23,63,NO2,Long Beach-Route 710 Near Road,06-037-4008,AQS,19.0,34,1.0,19.0,60,63.0,34.0522,-118.2437,Los_Angeles,2020-03-23
123,2019-01-24,76,NO2,Long Beach-Route 710 Near Road,06-037-4008,AQS,17.0,38,4.0,27.0,65,76.0,34.0522,-118.2437,Los_Angeles,2020-03-23
124,2019-01-25,62,NO2,Long Beach-Route 710 Near Road,06-037-4008,AQS,18.0,44,1.0,15.0,55,62.0,34.0522,-118.2437,Los_Angeles,2020-03-23
125,2019-01-26,62,PM2.5,Long Beach-Route 710 Near Road,06-037-4008,AQS,24.0,44,14.0,19.0,62,57.0,34.0522,-118.2437,Los_Angeles,2020-03-23
126,2019-01-27,81,PM2.5,Long Beach-Route 710 Near Road,06-037-4008,AQS,33.0,48,11.0,40.0,81,50.0,34.0522,-118.2437,Los_Angeles,2020-03-23
127,2019-01-28,106,PM2.5,Long Beach-Route 710 Near Road,06-037-4008,AQS,23.0,44,7.0,39.0,106,77.0,34.0522,-118.2437,Los_Angeles,2020-03-23
128,2019-01-29,95,PM2.5,Los Angeles-North Main Street,06-037-1103,AQS,18.0,44,3.0,32.0,95,67.0,34.0522,-118.2437,Los_Angeles,2020-03-23
129,2019-01-30,72,PM2.5,Los Angeles-North Main Street,06-037-1103,AQS,11.0,42,1.0,31.0,72,40.0,34.0522,-118.2437,Los_Angeles,2020-03-23
130,2019-01-31,66,PM2.5,Glendora,06-037-0016,AQS,9.0,31,1.0,22.0,66,31.0,34.0522,-118.2437,Los_Angeles,2020-03-23
131,2019-02-01,40,PM2.5,Long Beach-Route 710 Near Road,06-037-4008,AQS,14.0,36,1.0,10.0,40,37.0,34.0522,-118.2437,Los_Angeles,2020-03-23
132,2019-02-02,41,Ozone,Lancaster-Division Street,06-037-9033,AQS,7.0,41,0.0,12.0,30,26.0,34.0522,-118.2437,Los_Angeles,2020-03-23
133,2019-02-03,41,Ozone,LAX Hastings,06-037-5005,AQS,7.0,41,0.0,6.0,33,25.0,34.0522,-118.2437,Los_Angeles,2020-03-23
134,2019-02-04,42,Ozone,LAX Hastings,06-037-5005,AQS,7.0,42,0.0,5.0,24,40.0,34.0522,-118.2437,Los_Angeles,2020-03-23
135,2019-02-05,46,NO2,Long Beach-Route 710 Near Road,06-037-4008,AQS,7.0,41,0.0,5.0,26,46.0,34.0522,-118.2437,Los_Angeles,2020-03-23
136,2019-02-06,52,NO2,Long Beach-Route 710 Near Road,06-037-4008,AQS,9.0,39,0.0,9.0,28,52.0,34.0522,-118.2437,Los_Angeles,2020-03-23
137,2019-02-07,56,PM2.5,Long Beach-Route 710 Near Road,06-037-4008,AQS,9.0,40,3.0,14.0,56,49.0,34.0522,-118.2437,Los_Angeles,2020-03-23
138,2019-02-08,59,PM2.5,Long Beach-Route 710 Near Road,06-037-4008,AQS,13.0,44,3.0,22.0,59,56.0,34.0522,-118.2437,Los_Angeles,2020-03-23
139,2019-02-09,57,PM2.5,Long Beach-Route 710 Near Road,06-037-4008,AQS,10.0,42,1.0,11.0,57,40.0,34.0522,-118.2437,Los_Angeles,2020-03-23
140,2019-02-10,42,Ozone,LAX Hastings,06-037-5005,AQS,13.0,42,3.0,8.0,40,32.0,34.0522,-118.2437,Los_Angeles,2020-03-23
141,2019-02-11,57,NO2,Long Beach-Route 710 Near Road,06-037-4008,AQS,11.0,44,1.0,13.0,38,57.0,34.0522,-118.2437,Los_Angeles,2020-03-23
142,2019-02-12,54,PM2.5,Reseda,06-037-1201,AQS,16.0,34,3.0,16.0,54,50.0,34.0522,-118.2437,Los_Angeles,2020-03-23
143,2019-02-13,43,PM2.5,Long Beach-Route 710 Near Road,06-037-4008,AQS,17.0,40,1.0,13.0,43,42.0,34.0522,-118.2437,Los_Angeles,2020-03-23
144,2019-02-14,44,NO2,Long Beach-Route 710 Near Road,06-037-4008,AQS,8.0,43,0.0,12.0,38,44.0,34.0522,-118.2437,Los_Angeles,2020-03-23
145,2019-02-15,43,Ozone,Mission Viejo,06-059-2022,AQS,14.0,43,3.0,11.0,39,36.0,34.0522,-118.2437,Los_Angeles,2020-03-23
146,2019-02-16,42,Ozone,Mission Viejo,06-059-2022,AQS,7.0,42,1.0,6.0,24,28.0,34.0522,-118.2437,Los_Angeles,2020-03-23
147,2019-02-17,44,Ozone,LAX Hastings,06-037-5005,AQS,7.0,44,1.0,10.0,27,24.0,34.0522,-118.2437,Los_Angeles,2020-03-23
148,2019-02-18,44,NO2,Long Beach-Route 710 Near Road,06-037-4008,AQS,8.0,42,1.0,8.0,24,44.0,34.0522,-118.2437,Los_Angeles,2020-03-23
149,2019-02-19,54,NO2,Long Beach-Route 710 Near Road,06-037-4008,AQS,9.0,44,1.0,13.0,41,54.0,34.0522,-118.2437,Los_Angeles,2020-03-23
150,2019-02-20,50,PM2.5,Long Beach-Route 710 Near Road,06-037-4008,AQS,11.0,41,1.0,34.0,50,40.0,34.0522,-118.2437,Los_Angeles,2020-03-23
151,2019-02-21,53,PM2.5,Long Beach-Route 710 Near Road,06-037-4008,AQS,14.0,40,0.0,7.0,53,52.0,34.0522,-118.2437,Los_Angeles,2020-03-23
152,2019-02-22,55,PM2.5,Long Beach-Route 710 Near Road,06-037-4008,AQS,14.0,43,1.0,12.0,55,45.0,34.0522,-118.2437,Los_Angeles,2020-03-23
153,2019-02-23,52,PM2.5,Reseda,06-037-1201,AQS,13.0,49,4.0,13.0,52,37.0,34.0522,-118.2437,Los_Angeles,2020-03-23
154,2019-02-24,63,PM2.5,Long Beach-Route 710 Near Road,06-037-4008,AQS,14.0,50,1.0,17.0,63,37.0,34.0522,-118.2437,Los_Angeles,2020-03-23
155,2019-02-25,61,Ozone,Mission Viejo,06-059-2022,AQS,15.0,61,6.0,19.0,60,48.0,34.0522,-118.2437,Los_Angeles,2020-03-23
156,2019-02-26,66,PM2.5,Los Angeles-North Main Street,06-037-1103,AQS,10.0,48,3.0,37.0,66,43.0,34.0522,-118.2437,Los_Angeles,2020-03-23
157,2019-02-27,58,PM2.5,Glendora,06-037-0016,AQS,8.0,44,1.0,19.0,58,38.0,34.0522,-118.2437,Los_Angeles,2020-03-23
158,2019-02-28,57,PM2.5,Glendora,06-037-0016,AQS,8.0,36,1.0,15.0,57,29.0,34.0522,-118.2437,Los_Angeles,2020-03-23
159,2019-03-01,59,PM2.5,Glendora,06-037-0016,AQS,8.0,37,1.0,17.0,59,30.0,34.0522,-118.2437,Los_Angeles,2020-03-23
160,2019-03-02,40,PM2.5,Glendora,06-037-0016,AQS,8.0,36,1.0,6.0,40,31.0,34.0522,-118.2437,Los_Angeles,2020-03-23
161,2019-03-03,38,Ozone,Mission Viejo,06-059-2022,AQS,7.0,38,0.0,3.0,30,15.0,34.0522,-118.2437,Los_Angeles,2020-03-23
162,2019-03-04,42,NO2,Long Beach-Route 710 Near Road,06-037-4008,AQS,8.0,37,0.0,16.0,32,42.0,34.0522,-118.2437,Los_Angeles,2020-03-23
163,2019-03-05,59,PM2.5,Long Beach-Route 710 Near Road,06-037-4008,AQS,11.0,39,1.0,19.0,59,41.0,34.0522,-118.2437,Los_Angeles,2020-03-23
164,2019-03-06,44,PM2.5,Long Beach-Route 710 Near Road,06-037-4008,AQS,8.0,37,1.0,8.0,44,37.0,34.0522,-118.2437,Los_Angeles,2020-03-23
165,2019-03-07,43,NO2,Long Beach-Route 710 Near Road,06-037-4008,AQS,7.0,42,0.0,7.0,32,43.0,34.0522,-118.2437,Los_Angeles,2020-03-23
166,2019-03-08,46,Ozone,Mission Viejo,06-059-2022,AQS,7.0,46,0.0,9.0,28,43.0,34.0522,-118.2437,Los_Angeles,2020-03-23
167,2019-03-09,44,Ozone,Reseda,06-037-1201,AQS,8.0,44,0.0,8.0,39,25.0,34.0522,-118.2437,Los_Angeles,2020-03-23
168,2019-03-10,51,PM2.5,Reseda,06-037-1201,AQS,10.0,44,6.0,11.0,51,33.0,34.0522,-118.2437,Los_Angeles,2020-03-23
169,2019-03-11,52,PM2.5,Long Beach-Route 710 Near Road,06-037-4008,AQS,10.0,43,1.0,12.0,52,45.0,34.0522,-118.2437,Los_Angeles,2020-03-23
170,2019-03-12,49,PM2.5,Long Beach-Route 710 Near Road,06-037-4008,AQS,7.0,44,1.0,17.0,49,37.0,34.0522,-118.2437,Los_Angeles,2020-03-23
171,2019-03-13,54,PM2.5,Long Beach-Route 710 Near Road,06-037-4008,AQS,7.0,49,0.0,26.0,54,43.0,34.0522,-118.2437,Los_Angeles,2020-03-23
172,2019-03-14,50,Ozone,Mission Viejo,06-059-2022,AQS,11.0,50,4.0,36.0,47,48.0,34.0522,-118.2437,Los_Angeles,2020-03-23
173,2019-03-15,52,NO2,Long Beach-Route 710 Near Road,06-037-4008,AQS,13.0,49,1.0,14.0,45,52.0,34.0522,-118.2437,Los_Angeles,2020-03-23
174,2019-03-16,71,Ozone,Mission Viejo,06-059-2022,AQS,17.0,71,3.0,31.0,54,52.0,34.0522,-118.2437,Los_Angeles,2020-03-23
175,2019-03-17,77,Ozone,Mission Viejo,06-059-2022,AQS,19.0,77,4.0,16.0,51,47.0,34.0522,-118.2437,Los_Angeles,2020-03-23
176,2019-03-18,93,Ozone,Mission Viejo,06-059-2022,AQS,11.0,93,4.0,23.0,56,46.0,34.0522,-118.2437,Los_Angeles,2020-03-23
177,2019-03-19,61,PM2.5,Los Angeles-North Main Street,06-037-1103,AQS,9.0,49,0.0,25.0,61,42.0,34.0522,-118.2437,Los_Angeles,2020-03-23
178,2019-03-20,49,Ozone,LAX Hastings,06-037-5005,AQS,6.0,49,0.0,10.0,35,44.0,34.0522,-118.2437,Los_Angeles,2020-03-23
179,2019-03-21,45,Ozone,Reseda,06-037-1201,AQS,8.0,45,0.0,8.0,38,45.0,34.0522,-118.2437,Los_Angeles,2020-03-23
180,2019-03-22,50,Ozone,Mission Viejo,06-059-2022,AQS,13.0,50,1.0,19.0,38,43.0,34.0522,-118.2437,Los_Angeles,2020-03-23
181,2019-03-23,45,Ozone,Azusa,06-037-0002,AQS,8.0,45,0.0,11.0,43,27.0,34.0522,-118.2437,Los_Angeles,2020-03-23
182,2019-03-24,64,Ozone,Azusa,06-037-0002,AQS,8.0,64,1.0,13.0,52,30.0,34.0522,-118.2437,Los_Angeles,2020-03-23
183,2019-03-25,87,Ozone,Lancaster-Division Street,06-037-9033,AQS,11.0,87,3.0,25.0,62,47.0,34.0522,-118.2437,Los_Angeles,2020-03-23
184,2019-03-26,67,Ozone,Lancaster-Division Street,06-037-9033,AQS,14.0,67,4.0,26.0,61,53.0,34.0522,-118.2437,Los_Angeles,2020-03-23
185,2019-03-27,54,PM2.5,Glendora,06-037-0016,AQS,7.0,38,0.0,17.0,54,32.0,34.0522,-118.2437,Los_Angeles,2020-03-23
186,2019-03-28,45,Ozone,Reseda,06-037-1201,AQS,8.0,45,0.0,33.0,33,33.0,34.0522,-118.2437,Los_Angeles,2020-03-23
187,2019-03-29,51,PM2.5,Long Beach-Route 710 Near Road,06-037-4008,AQS,8.0,49,1.0,23.0,51,37.0,34.0522,-118.2437,Los_Angeles,2020-03-23
188,2019-03-30,84,Ozone,Azusa,06-037-0002,AQS,9.0,84,4.0,25.0,53,38.0,34.0522,-118.2437,Los_Angeles,2020-03-23
189,2019-03-31,108,Ozone,Azusa,06-037-0002,AQS,17.0,108,10.0,19.0,59,44.0,34.0522,-118.2437,Los_Angeles,2020-03-23
190,2019-04-01,97,Ozone,Mission Viejo,06-059-2022,AQS,15.0,97,4.0,24.0,54,48.0,34.0522,-118.2437,Los_Angeles,2020-03-23
191,2019-04-02,51,Ozone,Azusa,06-037-0002,AQS,7.0,51,1.0,21.0,47,38.0,34.0522,-118.2437,Los_Angeles,2020-03-23
192,2019-04-03,40,Ozone,Reseda,06-037-1201,AQS,7.0,40,3.0,15.0,34,32.0,34.0522,-118.2437,Los_Angeles,2020-03-23
193,2019-04-04,40,Ozone,Lancaster-Division Street,06-037-9033,AQS,7.0,40,1.0,11.0,34,29.0,34.0522,-118.2437,Los_Angeles,2020-03-23
194,2019-04-05,38,Ozone,Reseda,06-037-1201,AQS,7.0,38,1.0,6.0,26,36.0,34.0522,-118.2437,Los_Angeles,2020-03-23
195,2019-04-06,51,Ozone,Lancaster-Division Street,06-037-9033,AQS,7.0,51,3.0,8.0,36,21.0,34.0522,-118.2437,Los_Angeles,2020-03-23
196,2019-04-07,101,Ozone,Mission Viejo,06-059-2022,AQS,9.0,101,6.0,18.0,52,33.0,34.0522,-118.2437,Los_Angeles,2020-03-23
197,2019-04-08,115,Ozone,Mission Viejo,06-059-2022,AQS,15.0,115,9.0,27.0,59,55.0,34.0522,-118.2437,Los_Angeles,2020-03-23
198,2019-04-09,101,PM10,Long Beach (Hudson),06-037-4006,AQS,8.0,50,1.0,101.0,51,30.0,34.0522,-118.2437,Los_Angeles,2020-03-23
199,2019-04-10,54,Ozone,Azusa,06-037-0002,AQS,6.0,54,3.0,19.0,36,44.0,34.0522,-118.2437,Los_Angeles,2020-03-23
200,2019-04-11,58,PM2.5,Long Beach-Route 710 Near Road,06-037-4008,AQS,8.0,58,4.0,26.0,58,42.0,34.0522,-118.2437,Los_Angeles,2020-03-23
201,2019-04-12,54,PM2.5,Long Beach-Route 710 Near Road,06-037-4008,AQS,7.0,49,1.0,26.0,54,34.0,34.0522,-118.2437,Los_Angeles,2020-03-23
202,2019-04-13,71,Ozone,Azusa,06-037-0002,AQS,9.0,71,7.0,23.0,53,29.0,34.0522,-118.2437,Los_Angeles,2020-03-23
203,2019-04-14,90,Ozone,Mission Viejo,06-059-2022,AQS,10.0,90,3.0,18.0,54,28.0,34.0522,-118.2437,Los_Angeles,2020-03-23
204,2019-04-15,64,Ozone,Lancaster-Division Street,06-037-9033,AQS,9.0,64,4.0,33.0,55,37.0,34.0522,-118.2437,Los_Angeles,2020-03-23
205,2019-04-16,46,Ozone,Mission Viejo,06-059-2022,AQS,7.0,46,1.0,14.0,43,33.0,34.0522,-118.2437,Los_Angeles,2020-03-23
206,2019-04-17,54,Ozone,Santa Clarita,06-037-6012,AQS,8.0,54,3.0,20.0,48,49.0,34.0522,-118.2437,Los_Angeles,2020-03-23
207,2019-04-18,97,Ozone,Azusa,06-037-0002,AQS,10.0,97,6.0,30.0,63,61.0,34.0522,-118.2437,Los_Angeles,2020-03-23
208,2019-04-19,100,Ozone,Lancaster-Division Street,06-037-9033,AQS,7.0,100,4.0,34.0,69,41.0,34.0522,-118.2437,Los_Angeles,2020-03-23
209,2019-04-20,67,Ozone,Lancaster-Division Street,06-037-9033,AQS,6.0,67,1.0,14.0,54,20.0,34.0522,-118.2437,Los_Angeles,2020-03-23
210,2019-04-21,51,Ozone,Azusa,06-037-0002,AQS,5.0,51,1.0,16.0,45,19.0,34.0522,-118.2437,Los_Angeles,2020-03-23
211,2019-04-22,56,PM2.5,Los Angeles-North Main Street,06-037-1103,AQS,6.0,51,3.0,24.0,56,38.0,34.0522,-118.2437,Los_Angeles,2020-03-23
212,2019-04-23,69,PM2.5,Los Angeles-North Main Street,06-037-1103,AQS,8.0,58,1.0,34.0,69,42.0,34.0522,-118.2437,Los_Angeles,2020-03-23
213,2019-04-24,93,Ozone,Santa Clarita,06-037-6012,AQS,7.0,93,1.0,35.0,67,39.0,34.0522,-118.2437,Los_Angeles,2020-03-23
214,2019-04-25,97,Ozone,Santa Clarita,06-037-6012,AQS,8.0,97,3.0,37.0,71,33.0,34.0522,-118.2437,Los_Angeles,2020-03-23
215,2019-04-26,87,Ozone,Lancaster-Division Street,06-037-9033,AQS,8.0,87,1.0,34.0,72,37.0,34.0522,-118.2437,Los_Angeles,2020-03-23
216,2019-04-27,73,PM2.5,Glendora,06-037-0016,AQS,7.0,50,0.0,32.0,73,18.0,34.0522,-118.2437,Los_Angeles,2020-03-23
217,2019-04-28,66,PM2.5,Glendora,06-037-0016,AQS,7.0,51,3.0,24.0,66,18.0,34.0522,-118.2437,Los_Angeles,2020-03-23
218,2019-04-29,49,PM2.5,Long Beach-Route 710 Near Road,06-037-4008,AQS,7.0,38,0.0,14.0,49,33.0,34.0522,-118.2437,Los_Angeles,2020-03-23
219,2019-04-30,50,NO2,Long Beach-Route 710 Near Road,06-037-4008,AQS,7.0,45,0.0,12.0,43,50.0,34.0522,-118.2437,Los_Angeles,2020-03-23
220,2019-05-01,54,PM2.5,Long Beach-Route 710 Near Road,06-037-4008,AQS,8.0,51,1.0,24.0,54,42.0,34.0522,-118.2437,Los_Angeles,2020-03-23
221,2019-05-02,84,Ozone,Lancaster-Division Street,06-037-9033,AQS,7.0,84,1.0,30.0,59,38.0,34.0522,-118.2437,Los_Angeles,2020-03-23
222,2019-05-03,105,Ozone,Lancaster-Division Street,06-037-9033,AQS,7.0,105,1.0,41.0,63,33.0,34.0522,-118.2437,Los_Angeles,2020-03-23
223,2019-05-04,100,Ozone,Azusa,06-037-0002,AQS,7.0,100,0.0,31.0,68,24.0,34.0522,-118.2437,Los_Angeles,2020-03-23
224,2019-05-05,64,Ozone,Azusa,06-037-0002,AQS,7.0,64,0.0,27.0,59,18.0,34.0522,-118.2437,Los_Angeles,2020-03-23
225,2019-05-06,46,PM2.5,Long Beach-Route 710 Near Road,06-037-4008,AQS,6.0,44,0.0,13.0,46,41.0,34.0522,-118.2437,Los_Angeles,2020-03-23
226,2019-05-07,39,Ozone,Mission Viejo,06-059-2022,AQS,7.0,39,0.0,20.0,35,30.0,34.0522,-118.2437,Los_Angeles,2020-03-23
227,2019-05-08,42,Ozone,Lancaster-Division Street,06-037-9033,AQS,7.0,42,0.0,20.0,39,40.0,34.0522,-118.2437,Los_Angeles,2020-03-23
228,2019-05-09,42,Ozone,Lancaster-Division Street,06-037-9033,AQS,7.0,42,0.0,20.0,40,32.0,34.0522,-118.2437,Los_Angeles,2020-03-23
229,2019-05-10,40,Ozone,Lancaster-Division Street,06-037-9033,AQS,8.0,40,0.0,10.0,34,28.0,34.0522,-118.2437,Los_Angeles,2020-03-23
230,2019-05-11,48,Ozone,Reseda,06-037-1201,AQS,8.0,48,1.0,10.0,45,26.0,34.0522,-118.2437,Los_Angeles,2020-03-23
231,2019-05-12,74,Ozone,Santa Clarita,06-037-6012,AQS,7.0,74,1.0,16.0,50,20.0,34.0522,-118.2437,Los_Angeles,2020-03-23
232,2019-05-13,77,Ozone,Lancaster-Division Street,06-037-9033,AQS,7.0,77,0.0,24.0,57,31.0,34.0522,-118.2437,Los_Angeles,2020-03-23
233,2019-05-14,97,Ozone,Reseda,06-037-1201,AQS,7.0,97,0.0,33.0,65,35.0,34.0522,-118.2437,Los_Angeles,2020-03-23
234,2019-05-15,64,PM2.5,Glendora,06-037-0016,AQS,7.0,58,0.0,28.0,64,33.0,34.0522,-118.2437,Los_Angeles,2020-03-23
235,2019-05-16,48,Ozone,Reseda,06-037-1201,AQS,6.0,48,0.0,11.0,37,41.0,34.0522,-118.2437,Los_Angeles,2020-03-23
236,2019-05-17,52,PM2.5,Long Beach-Route 710 Near Road,06-037-4008,AQS,7.0,49,0.0,19.0,52,41.0,34.0522,-118.2437,Los_Angeles,2020-03-23
237,2019-05-18,58,Ozone,Azusa,06-037-0002,AQS,6.0,58,1.0,19.0,50,23.0,34.0522,-118.2437,Los_Angeles,2020-03-23
238,2019-05-19,47,Ozone,Azusa,06-037-0002,AQS,6.0,47,0.0,6.0,29,13.0,34.0522,-118.2437,Los_Angeles,2020-03-23
239,2019-05-20,49,Ozone,Reseda,06-037-1201,AQS,7.0,49,0.0,10.0,41,39.0,34.0522,-118.2437,Los_Angeles,2020-03-23
240,2019-05-21,48,PM10,Long Beach (Hudson),06-037-4006,AQS,6.0,44,0.0,48.0,39,37.0,34.0522,-118.2437,Los_Angeles,2020-03-23
241,2019-05-22,44,Ozone,Mission Viejo,06-059-2022,AQS,6.0,44,3.0,14.0,38,35.0,34.0522,-118.2437,Los_Angeles,2020-03-23
242,2019-05-23,49,PM2.5,Los Angeles-North Main Street,06-037-1103,AQS,8.0,39,0.0,15.0,49,38.0,34.0522,-118.2437,Los_Angeles,2020-03-23
243,2019-05-24,50,PM2.5,Long Beach-Route 710 Near Road,06-037-4008,AQS,8.0,48,1.0,17.0,50,41.0,34.0522,-118.2437,Los_Angeles,2020-03-23
244,2019-05-25,58,Ozone,Santa Clarita,06-037-6012,AQS,7.0,58,0.0,16.0,46,24.0,34.0522,-118.2437,Los_Angeles,2020-03-23
245,2019-05-26,47,Ozone,Mission Viejo,06-059-2022,AQS,6.0,47,0.0,9.0,34,15.0,34.0522,-118.2437,Los_Angeles,2020-03-23
246,2019-05-27,48,Ozone,Reseda,06-037-1201,AQS,7.0,48,1.0,12.0,36,24.0,34.0522,-118.2437,Los_Angeles,2020-03-23
247,2019-05-28,46,PM2.5,Los Angeles-North Main Street,06-037-1103,AQS,7.0,44,1.0,11.0,46,37.0,34.0522,-118.2437,Los_Angeles,2020-03-23
248,2019-05-29,67,Ozone,Santa Clarita,06-037-6012,AQS,7.0,67,1.0,19.0,53,38.0,34.0522,-118.2437,Los_Angeles,2020-03-23
249,2019-05-30,87,Ozone,Santa Clarita,06-037-6012,AQS,7.0,87,0.0,21.0,70,30.0,34.0522,-118.2437,Los_Angeles,2020-03-23
250,2019-05-31,90,Ozone,Santa Clarita,06-037-6012,AQS,7.0,90,0.0,17.0,68,28.0,34.0522,-118.2437,Los_Angeles,2020-03-23
251,2019-06-01,64,Ozone,Lancaster-Division Street,06-037-9033,AQS,7.0,64,0.0,19.0,56,21.0,34.0522,-118.2437,Los_Angeles,2020-03-23
252,2019-06-02,61,Ozone,Lancaster-Division Street,06-037-9033,AQS,7.0,61,0.0,16.0,53,17.0,34.0522,-118.2437,Los_Angeles,2020-03-23
253,2019-06-03,67,Ozone,Santa Clarita,06-037-6012,AQS,7.0,67,0.0,19.0,56,46.0,34.0522,-118.2437,Los_Angeles,2020-03-23
254,2019-06-04,90,Ozone,Santa Clarita,06-037-6012,AQS,7.0,90,0.0,24.0,66,32.0,34.0522,-118.2437,Los_Angeles,2020-03-23
255,2019-06-05,143,Ozone,Santa Clarita,06-037-6012,AQS,8.0,143,0.0,26.0,69,28.0,34.0522,-118.2437,Los_Angeles,2020-03-23
256,2019-06-06,129,Ozone,Santa Clarita,06-037-6012,AQS,7.0,129,1.0,21.0,65,30.0,34.0522,-118.2437,Los_Angeles,2020-03-23
257,2019-06-07,93,Ozone,Santa Clarita,06-037-6012,AQS,7.0,93,1.0,29.0,61,24.0,34.0522,-118.2437,Los_Angeles,2020-03-23
258,2019-06-08,105,Ozone,Glendora,06-037-0016,AQS,7.0,105,1.0,33.0,59,20.0,34.0522,-118.2437,Los_Angeles,2020-03-23
259,2019-06-09,151,Ozone,Glendora,06-037-0016,AQS,7.0,151,1.0,26.0,61,25.0,34.0522,-118.2437,Los_Angeles,2020-03-23
260,2019-06-10,126,Ozone,Glendora,06-037-0016,AQS,9.0,126,3.0,27.0,56,52.0,34.0522,-118.2437,Los_Angeles,2020-03-23
261,2019-06-11,172,Ozone,Glendora,06-037-0016,AQS,8.0,172,1.0,28.0,64,43.0,34.0522,-118.2437,Los_Angeles,2020-03-23
262,2019-06-12,200,Ozone,Santa Clarita,06-037-6012,AQS,7.0,200,1.0,27.0,67,29.0,34.0522,-118.2437,Los_Angeles,2020-03-23
263,2019-06-13,71,PM2.5,Glendora,06-037-0016,AQS,7.0,71,0.0,26.0,71,25.0,34.0522,-118.2437,Los_Angeles,2020-03-23
264,2019-06-14,64,Ozone,Santa Clarita,06-037-6012,AQS,7.0,64,1.0,35.0,60,28.0,34.0522,-118.2437,Los_Angeles,2020-03-23
265,2019-06-15,100,Ozone,Santa Clarita,06-037-6012,AQS,7.0,100,0.0,23.0,62,13.0,34.0522,-118.2437,Los_Angeles,2020-03-23
266,2019-06-16,87,Ozone,Glendora,06-037-0016,AQS,7.0,87,0.0,21.0,66,16.0,34.0522,-118.2437,Los_Angeles,2020-03-23
267,2019-06-17,71,Ozone,Lancaster-Division Street,06-037-9033,AQS,7.0,71,0.0,26.0,45,22.0,34.0522,-118.2437,Los_Angeles,2020-03-23
268,2019-06-18,74,Ozone,Lancaster-Division Street,06-037-9033,AQS,7.0,74,1.0,31.0,56,28.0,34.0522,-118.2437,Los_Angeles,2020-03-23
269,2019-06-19,105,Ozone,Santa Clarita,06-037-6012,AQS,7.0,105,4.0,29.0,61,28.0,34.0522,-118.2437,Los_Angeles,2020-03-23
270,2019-06-20,61,Ozone,Lancaster-Division Street,06-037-9033,AQS,7.0,61,3.0,34.0,54,29.0,34.0522,-118.2437,Los_Angeles,2020-03-23
271,2019-06-21,43,Ozone,Lancaster-Division Street,06-037-9033,AQS,7.0,43,0.0,23.0,28,19.0,34.0522,-118.2437,Los_Angeles,2020-03-23
272,2019-06-22,51,Ozone,Santa Clarita,06-037-6012,AQS,7.0,51,1.0,22.0,40,20.0,34.0522,-118.2437,Los_Angeles,2020-03-23
273,2019-06-23,97,Ozone,Santa Clarita,06-037-6012,AQS,7.0,97,0.0,20.0,56,16.0,34.0522,-118.2437,Los_Angeles,2020-03-23
274,2019-06-24,90,Ozone,Lancaster-Division Street,06-037-9033,AQS,6.0,90,0.0,25.0,62,42.0,34.0522,-118.2437,Los_Angeles,2020-03-23
275,2019-06-25,87,Ozone,Lancaster-Division Street,06-037-9033,AQS,7.0,87,0.0,25.0,58,28.0,34.0522,-118.2437,Los_Angeles,2020-03-23
276,2019-06-26,71,Ozone,Santa Clarita,06-037-6012,AQS,7.0,71,0.0,26.0,56,28.0,34.0522,-118.2437,Los_Angeles,2020-03-23
277,2019-06-27,105,Ozone,Glendora,06-037-0016,AQS,7.0,105,1.0,28.0,58,30.0,34.0522,-118.2437,Los_Angeles,2020-03-23
278,2019-06-28,112,Ozone,Glendora,06-037-0016,AQS,7.0,112,3.0,28.0,58,35.0,34.0522,-118.2437,Los_Angeles,2020-03-23
279,2019-06-29,112,Ozone,Glendora,06-037-0016,AQS,8.0,112,4.0,24.0,57,28.0,34.0522,-118.2437,Los_Angeles,2020-03-23
280,2019-06-30,122,Ozone,Glendora,06-037-0016,AQS,8.0,122,4.0,23.0,57,25.0,34.0522,-118.2437,Los_Angeles,2020-03-23
281,2019-07-01,115,Ozone,Santa Clarita,06-037-6012,AQS,7.0,115,3.0,27.0,60,36.0,34.0522,-118.2437,Los_Angeles,2020-03-23
282,2019-07-02,129,Ozone,Santa Clarita,06-037-6012,AQS,7.0,129,1.0,44.0,61,31.0,34.0522,-118.2437,Los_Angeles,2020-03-23
283,2019-07-03,108,Ozone,Santa Clarita,06-037-6012,AQS,7.0,108,0.0,37.0,64,28.0,34.0522,-118.2437,Los_Angeles,2020-03-23
284,2019-07-04,105,PM2.5,Anaheim,06-059-0007,AQS,7.0,80,0.0,48.0,105,17.0,34.0522,-118.2437,Los_Angeles,2020-03-23
285,2019-07-05,161,PM2.5,Glendora,06-037-0016,AQS,7.0,115,1.0,72.0,161,23.0,34.0522,-118.2437,Los_Angeles,2020-03-23
286,2019-07-06,133,Ozone,Santa Clarita,06-037-6012,AQS,7.0,133,1.0,35.0,71,17.0,34.0522,-118.2437,Los_Angeles,2020-03-23
287,2019-07-07,87,Ozone,Santa Clarita,06-037-6012,AQS,6.0,87,0.0,26.0,63,11.0,34.0522,-118.2437,Los_Angeles,2020-03-23
288,2019-07-08,67,Ozone,Santa Clarita,06-037-6012,AQS,6.0,67,0.0,33.0,56,26.0,34.0522,-118.2437,Los_Angeles,2020-03-23
289,2019-07-09,93,Ozone,Glendora,06-037-0016,AQS,7.0,93,1.0,30.0,65,32.0,34.0522,-118.2437,Los_Angeles,2020-03-23
290,2019-07-10,122,Ozone,Santa Clarita,06-037-6012,AQS,8.0,122,4.0,33.0,63,36.0,34.0522,-118.2437,Los_Angeles,2020-03-23
291,2019-07-11,136,Ozone,Santa Clarita,06-037-6012,AQS,8.0,136,7.0,40.0,67,35.0,34.0522,-118.2437,Los_Angeles,2020-03-23
292,2019-07-12,201,Ozone,Santa Clarita,06-037-6012,AQS,8.0,201,4.0,40.0,71,34.0,34.0522,-118.2437,Los_Angeles,2020-03-23
293,2019-07-13,179,Ozone,Santa Clarita,06-037-6012,AQS,7.0,179,1.0,37.0,70,27.0,34.0522,-118.2437,Los_Angeles,2020-03-23
294,2019-07-14,166,Ozone,Glendora,06-037-0016,AQS,7.0,166,6.0,35.0,68,18.0,34.0522,-118.2437,Los_Angeles,2020-03-23
295,2019-07-15,177,Ozone,Glendora,06-037-0016,AQS,7.0,177,7.0,39.0,71,35.0,34.0522,-118.2437,Los_Angeles,2020-03-23
296,2019-07-16,140,Ozone,Santa Clarita,06-037-6012,AQS,9.0,140,3.0,36.0,70,45.0,34.0522,-118.2437,Los_Angeles,2020-03-23
297,2019-07-17,90,Ozone,Santa Clarita,06-037-6012,AQS,6.0,90,1.0,31.0,60,21.0,34.0522,-118.2437,Los_Angeles,2020-03-23
298,2019-07-18,61,Ozone,Glendora,06-037-0016,AQS,7.0,61,3.0,31.0,57,30.0,34.0522,-118.2437,Los_Angeles,2020-03-23
299,2019-07-19,54,PM2.5,Glendora,06-037-0016,AQS,7.0,51,1.0,26.0,54,21.0,34.0522,-118.2437,Los_Angeles,2020-03-23
300,2019-07-20,97,Ozone,Glendora,06-037-0016,AQS,6.0,97,3.0,23.0,54,16.0,34.0522,-118.2437,Los_Angeles,2020-03-23
301,2019-07-21,101,Ozone,Glendora,06-037-0016,AQS,7.0,101,6.0,21.0,54,19.0,34.0522,-118.2437,Los_Angeles,2020-03-23
302,2019-07-22,126,Ozone,Santa Clarita,06-037-6012,AQS,7.0,126,4.0,36.0,61,33.0,34.0522,-118.2437,Los_Angeles,2020-03-23
303,2019-07-23,161,Ozone,Glendora,06-037-0016,AQS,9.0,161,7.0,39.0,63,42.0,34.0522,-118.2437,Los_Angeles,2020-03-23
304,2019-07-24,126,Ozone,Reseda,06-037-1201,AQS,9.0,126,10.0,30.0,59,45.0,34.0522,-118.2437,Los_Angeles,2020-03-23
305,2019-07-25,126,Ozone,Santa Clarita,06-037-6012,AQS,8.0,126,6.0,33.0,62,39.0,34.0522,-118.2437,Los_Angeles,2020-03-23
306,2019-07-26,140,Ozone,Santa Clarita,06-037-6012,AQS,8.0,140,7.0,56.0,64,37.0,34.0522,-118.2437,Los_Angeles,2020-03-23
307,2019-07-27,179,Ozone,Glendora,06-037-0016,AQS,8.0,179,6.0,32.0,62,34.0,34.0522,-118.2437,Los_Angeles,2020-03-23
308,2019-07-28,169,Ozone,Santa Clarita,06-037-6012,AQS,8.0,169,4.0,31.0,66,25.0,34.0522,-118.2437,Los_Angeles,2020-03-23
309,2019-07-29,190,Ozone,Santa Clarita,06-037-6012,AQS,7.0,190,3.0,33.0,67,31.0,34.0522,-118.2437,Los_Angeles,2020-03-23
310,2019-07-30,174,Ozone,Santa Clarita,06-037-6012,AQS,6.0,174,1.0,40.0,71,33.0,34.0522,-118.2437,Los_Angeles,2020-03-23
311,2019-07-31,151,Ozone,Santa Clarita,06-037-6012,AQS,7.0,151,0.0,44.0,72,28.0,34.0522,-118.2437,Los_Angeles,2020-03-23
312,2019-08-01,126,Ozone,Santa Clarita,06-037-6012,AQS,7.0,126,3.0,46.0,62,34.0,34.0522,-118.2437,Los_Angeles,2020-03-23
313,2019-08-02,166,Ozone,Santa Clarita,06-037-6012,AQS,8.0,166,3.0,30.0,57,43.0,34.0522,-118.2437,Los_Angeles,2020-03-23
314,2019-08-03,156,Ozone,Glendora,06-037-0016,AQS,8.0,156,4.0,30.0,59,39.0,34.0522,-118.2437,Los_Angeles,2020-03-23
315,2019-08-04,169,Ozone,Glendora,06-037-0016,AQS,7.0,169,4.0,26.0,60,26.0,34.0522,-118.2437,Los_Angeles,2020-03-23
316,2019-08-05,154,Ozone,Santa Clarita,06-037-6012,AQS,7.0,154,4.0,31.0,59,42.0,34.0522,-118.2437,Los_Angeles,2020-03-23
317,2019-08-06,147,Ozone,Reseda,06-037-1201,AQS,7.0,147,1.0,39.0,59,42.0,34.0522,-118.2437,Los_Angeles,2020-03-23
318,2019-08-07,156,Ozone,Santa Clarita,06-037-6012,AQS,7.0,156,3.0,39.0,64,28.0,34.0522,-118.2437,Los_Angeles,2020-03-23
319,2019-08-08,122,Ozone,Glendora,06-037-0016,AQS,7.0,122,4.0,35.0,63,35.0,34.0522,-118.2437,Los_Angeles,2020-03-23
320,2019-08-09,87,Ozone,Glendora,06-037-0016,AQS,8.0,87,1.0,31.0,61,32.0,34.0522,-118.2437,Los_Angeles,2020-03-23
321,2019-08-10,93,Ozone,Glendora,06-037-0016,AQS,9.0,93,1.0,26.0,56,33.0,34.0522,-118.2437,Los_Angeles,2020-03-23
322,2019-08-11,74,Ozone,Glendora,06-037-0016,AQS,8.0,74,1.0,20.0,49,20.0,34.0522,-118.2437,Los_Angeles,2020-03-23
323,2019-08-12,119,Ozone,Santa Clarita,06-037-6012,AQS,7.0,119,1.0,29.0,59,29.0,34.0522,-118.2437,Los_Angeles,2020-03-23
324,2019-08-13,140,Ozone,Glendora,06-037-0016,AQS,8.0,140,6.0,44.0,67,44.0,34.0522,-118.2437,Los_Angeles,2020-03-23
325,2019-08-14,174,Ozone,Glendora,06-037-0016,AQS,9.0,174,7.0,34.0,65,51.0,34.0522,-118.2437,Los_Angeles,2020-03-23
326,2019-08-15,159,Ozone,Santa Clarita,06-037-6012,AQS,8.0,159,4.0,32.0,63,49.0,34.0522,-118.2437,Los_Angeles,2020-03-23
327,2019-08-16,105,Ozone,Lancaster-Division Street,06-037-9033,AQS,7.0,105,1.0,31.0,61,28.0,34.0522,-118.2437,Los_Angeles,2020-03-23
328,2019-08-17,90,Ozone,Glendora,06-037-0016,AQS,7.0,90,1.0,21.0,56,16.0,34.0522,-118.2437,Los_Angeles,2020-03-23
329,2019-08-18,67,Ozone,Azusa,06-037-0002,AQS,7.0,67,1.0,19.0,53,18.0,34.0522,-118.2437,Los_Angeles,2020-03-23
330,2019-08-19,80,Ozone,Azusa,06-037-0002,AQS,7.0,80,3.0,30.0,59,29.0,34.0522,-118.2437,Los_Angeles,2020-03-23
331,2019-08-20,133,Ozone,Glendora,06-037-0016,AQS,8.0,133,3.0,25.0,54,34.0,34.0522,-118.2437,Los_Angeles,2020-03-23
332,2019-08-21,197,Ozone,Santa Clarita,06-037-6012,AQS,8.0,197,7.0,35.0,55,53.0,34.0522,-118.2437,Los_Angeles,2020-03-23
333,2019-08-22,151,Ozone,Santa Clarita,06-037-6012,AQS,8.0,151,1.0,37.0,60,48.0,34.0522,-118.2437,Los_Angeles,2020-03-23
334,2019-08-23,119,Ozone,Santa Clarita,06-037-6012,AQS,7.0,119,10.0,31.0,61,25.0,34.0522,-118.2437,Los_Angeles,2020-03-23
335,2019-08-24,129,Ozone,Glendora,06-037-0016,AQS,7.0,129,7.0,25.0,60,30.0,34.0522,-118.2437,Los_Angeles,2020-03-23
336,2019-08-25,101,Ozone,Azusa,06-037-0002,AQS,8.0,101,9.0,22.0,55,28.0,34.0522,-118.2437,Los_Angeles,2020-03-23
337,2019-08-26,156,Ozone,Santa Clarita,06-037-6012,AQS,9.0,156,4.0,31.0,52,39.0,34.0522,-118.2437,Los_Angeles,2020-03-23
338,2019-08-27,122,Ozone,Santa Clarita,06-037-6012,AQS,7.0,122,1.0,31.0,54,32.0,34.0522,-118.2437,Los_Angeles,2020-03-23
339,2019-08-28,90,Ozone,Santa Clarita,06-037-6012,AQS,7.0,90,1.0,32.0,58,23.0,34.0522,-118.2437,Los_Angeles,2020-03-23
340,2019-08-29,126,Ozone,Azusa,06-037-0002,AirNow,8.0,126,6.0,32.0,60,32.0,34.0522,-118.2437,Los_Angeles,2020-03-23
341,2019-08-30,112,Ozone,Glendora,06-037-0016,AQS,9.0,112,3.0,30.0,58,42.0,34.0522,-118.2437,Los_Angeles,2020-03-23
342,2019-08-31,140,Ozone,Glendora,06-037-0016,AQS,8.0,140,3.0,32.0,64,28.0,34.0522,-118.2437,Los_Angeles,2020-03-23
343,2019-09-01,190,Ozone,Glendora,06-037-0016,AQS,8.0,190,1.0,33.0,68,31.0,34.0522,-118.2437,Los_Angeles,2020-03-23
344,2019-09-02,97,Ozone,Santa Clarita,06-037-6012,AQS,7.0,97,1.0,55.0,56,24.0,34.0522,-118.2437,Los_Angeles,2020-03-23
345,2019-09-03,77,Ozone,Glendora,06-037-0016,AQS,8.0,77,10.0,36.0,66,39.0,34.0522,-118.2437,Los_Angeles,2020-03-23
346,2019-09-04,108,Ozone,Santa Clarita,06-037-6012,AQS,10.0,108,4.0,33.0,57,42.0,34.0522,-118.2437,Los_Angeles,2020-03-23
347,2019-09-05,87,Ozone,Santa Clarita,06-037-6012,AQS,10.0,87,6.0,31.0,56,51.0,34.0522,-118.2437,Los_Angeles,2020-03-23
348,2019-09-06,67,Ozone,Reseda,06-037-1201,AQS,8.0,67,1.0,44.0,53,41.0,34.0522,-118.2437,Los_Angeles,2020-03-23
349,2019-09-07,105,Ozone,Glendora,06-037-0016,AQS,8.0,105,3.0,63.0,54,30.0,34.0522,-118.2437,Los_Angeles,2020-03-23
350,2019-09-08,67,Ozone,Glendora,06-037-0016,AQS,8.0,67,1.0,61.0,47,23.0,34.0522,-118.2437,Los_Angeles,2020-03-23
351,2019-09-09,97,Ozone,Santa Clarita,06-037-6012,AQS,8.0,97,0.0,32.0,54,30.0,34.0522,-118.2437,Los_Angeles,2020-03-23
352,2019-09-10,53,PM2.5,Glendora,06-037-0016,AQS,6.0,50,0.0,32.0,53,33.0,34.0522,-118.2437,Los_Angeles,2020-03-23
353,2019-09-11,105,Ozone,Santa Clarita,06-037-6012,AQS,7.0,105,0.0,31.0,59,32.0,34.0522,-118.2437,Los_Angeles,2020-03-23
354,2019-09-12,115,Ozone,Pasadena,06-037-2005,AQS,9.0,115,3.0,46.0,63,44.0,34.0522,-118.2437,Los_Angeles,2020-03-23
355,2019-09-13,147,Ozone,Pasadena,06-037-2005,AQS,10.0,147,1.0,33.0,62,55.0,34.0522,-118.2437,Los_Angeles,2020-03-23
356,2019-09-14,185,Ozone,Glendora,06-037-0016,AQS,11.0,185,3.0,28.0,61,44.0,34.0522,-118.2437,Los_Angeles,2020-03-23
357,2019-09-15,133,Ozone,Glendora,06-037-0016,AQS,13.0,133,1.0,25.0,68,40.0,34.0522,-118.2437,Los_Angeles,2020-03-23
358,2019-09-16,61,PM2.5,Los Angeles-North Main Street,06-037-1103,AQS,8.0,58,1.0,50.0,61,39.0,34.0522,-118.2437,Los_Angeles,2020-03-23
359,2019-09-17,80,Ozone,Santa Clarita,06-037-6012,AQS,8.0,80,1.0,22.0,59,37.0,34.0522,-118.2437,Los_Angeles,2020-03-23
360,2019-09-18,80,Ozone,Lancaster-Division Street,06-037-9033,AQS,8.0,80,3.0,31.0,45,36.0,34.0522,-118.2437,Los_Angeles,2020-03-23
361,2019-09-19,46,PM2.5,Glendora,06-037-0016,AQS,7.0,45,1.0,25.0,46,28.0,34.0522,-118.2437,Los_Angeles,2020-03-23
362,2019-09-20,54,Ozone,Reseda,06-037-1201,AQS,8.0,54,3.0,31.0,51,26.0,34.0522,-118.2437,Los_Angeles,2020-03-23
363,2019-09-21,126,Ozone,Glendora,06-037-0016,AQS,9.0,126,1.0,29.0,52,31.0,34.0522,-118.2437,Los_Angeles,2020-03-23
364,2019-09-22,100,Ozone,Pasadena,06-037-2005,AQS,10.0,100,3.0,22.0,54,35.0,34.0522,-118.2437,Los_Angeles,2020-03-23
365,2019-09-23,77,Ozone,Santa Clarita,06-037-6012,AQS,8.0,77,1.0,30.0,56,37.0,34.0522,-118.2437,Los_Angeles,2020-03-23
366,2019-09-24,108,Ozone,Pasadena,06-037-2005,AQS,9.0,108,7.0,44.0,58,48.0,34.0522,-118.2437,Los_Angeles,2020-03-23
367,2019-09-25,129,Ozone,Santa Clarita,06-037-6012,AQS,8.0,129,1.0,34.0,56,37.0,34.0522,-118.2437,Los_Angeles,2020-03-23
368,2019-09-26,54,PM2.5,Los Angeles-North Main Street,06-037-1103,AQS,7.0,47,1.0,31.0,54,27.0,34.0522,-118.2437,Los_Angeles,2020-03-23
369,2019-09-27,42,PM2.5,Glendora,06-037-0016,AQS,7.0,41,3.0,27.0,42,36.0,34.0522,-118.2437,Los_Angeles,2020-03-23
370,2019-09-28,33,Ozone,Lancaster-Division Street,06-037-9033,AQS,7.0,33,1.0,22.0,32,19.0,34.0522,-118.2437,Los_Angeles,2020-03-23
371,2019-09-29,46,Ozone,Reseda,06-037-1201,AQS,8.0,46,0.0,19.0,38,27.0,34.0522,-118.2437,Los_Angeles,2020-03-23
372,2019-09-30,48,PM2.5,Long Beach-Route 710 Near Road,06-037-4008,AQS,10.0,48,3.0,28.0,48,39.0,34.0522,-118.2437,Los_Angeles,2020-03-23
373,2019-10-01,52,NO2,Long Beach-Route 710 Near Road,06-037-4008,AQS,8.0,51,1.0,25.0,48,52.0,34.0522,-118.2437,Los_Angeles,2020-03-23
374,2019-10-02,90,Ozone,Mission Viejo,06-059-2022,AQS,13.0,90,6.0,34.0,64,58.0,34.0522,-118.2437,Los_Angeles,2020-03-23
375,2019-10-03,105,Ozone,Reseda,06-037-1201,AQS,14.0,105,1.0,34.0,68,48.0,34.0522,-118.2437,Los_Angeles,2020-03-23
376,2019-10-04,100,Ozone,Santa Clarita,06-037-6012,AQS,11.0,100,1.0,33.0,60,46.0,34.0522,-118.2437,Los_Angeles,2020-03-23
377,2019-10-05,164,Ozone,Glendora,06-037-0016,AQS,14.0,164,11.0,34.0,60,50.0,34.0522,-118.2437,Los_Angeles,2020-03-23
378,2019-10-06,192,Ozone,Glendora,06-037-0016,AQS,18.0,192,6.0,36.0,68,38.0,34.0522,-118.2437,Los_Angeles,2020-03-23
379,2019-10-07,143,Ozone,Mission Viejo,06-059-2022,AQS,16.0,143,6.0,34.0,88,72.0,34.0522,-118.2437,Los_Angeles,2020-03-23
380,2019-10-08,87,Ozone,Lancaster-Division Street,06-037-9033,AQS,13.0,87,7.0,33.0,65,58.0,34.0522,-118.2437,Los_Angeles,2020-03-23
381,2019-10-09,74,Ozone,Lancaster-Division Street,06-037-9033,AQS,7.0,74,1.0,64.0,67,28.0,34.0522,-118.2437,Los_Angeles,2020-03-23
382,2019-10-10,69,PM10,Lancaster-Division Street,06-037-9033,AQS,7.0,67,1.0,69.0,68,52.0,34.0522,-118.2437,Los_Angeles,2020-03-23
383,2019-10-11,185,PM2.5,Reseda,06-037-1201,AQS,19.0,61,1.0,55.0,185,63.0,34.0522,-118.2437,Los_Angeles,2020-03-23
384,2019-10-12,101,Ozone,Reseda,06-037-1201,AQS,17.0,101,4.0,43.0,95,47.0,34.0522,-118.2437,Los_Angeles,2020-03-23
385,2019-10-13,115,Ozone,Santa Clarita,06-037-6012,AQS,17.0,115,3.0,37.0,68,42.0,34.0522,-118.2437,Los_Angeles,2020-03-23
386,2019-10-14,87,Ozone,Santa Clarita,06-037-6012,AQS,9.0,87,1.0,39.0,67,44.0,34.0522,-118.2437,Los_Angeles,2020-03-23
387,2019-10-15,80,Ozone,Mission Viejo,06-059-2022,AQS,11.0,80,6.0,45.0,66,71.0,34.0522,-118.2437,Los_Angeles,2020-03-23
388,2019-10-16,89,NO2,Long Beach-Route 710 Near Road,06-037-4008,AQS,18.0,87,6.0,43.0,72,89.0,34.0522,-118.2437,Los_Angeles,2020-03-23
389,2019-10-17,80,PM10,Lancaster-Division Street,06-037-9033,AQS,9.0,77,1.0,80.0,61,42.0,34.0522,-118.2437,Los_Angeles,2020-03-23
390,2019-10-18,52,PM2.5,Glendora,06-037-0016,AQS,9.0,50,3.0,35.0,52,42.0,34.0522,-118.2437,Los_Angeles,2020-03-23
391,2019-10-19,67,Ozone,Mission Viejo,06-059-2022,AQS,10.0,67,3.0,34.0,57,39.0,34.0522,-118.2437,Los_Angeles,2020-03-23
392,2019-10-20,100,Ozone,Mission Viejo,06-059-2022,AQS,11.0,100,7.0,25.0,52,41.0,34.0522,-118.2437,Los_Angeles,2020-03-23
393,2019-10-21,71,Ozone,Pasadena,06-037-2005,AQS,14.0,71,1.0,32.0,49,64.0,34.0522,-118.2437,Los_Angeles,2020-03-23
394,2019-10-22,87,Ozone,Mission Viejo,06-059-2022,AQS,16.0,87,4.0,31.0,54,78.0,34.0522,-118.2437,Los_Angeles,2020-03-23
395,2019-10-23,97,Ozone,Mission Viejo,06-059-2022,AQS,19.0,97,7.0,32.0,58,77.0,34.0522,-118.2437,Los_Angeles,2020-03-23
396,2019-10-24,96,NO2,Long Beach-Route 710 Near Road,06-037-4008,AQS,23.0,54,11.0,55.0,65,96.0,34.0522,-118.2437,Los_Angeles,2020-03-23
397,2019-10-25,87,NO2,Long Beach-Route 710 Near Road,06-037-4008,AQS,23.0,64,3.0,35.0,60,87.0,34.0522,-118.2437,Los_Angeles,2020-03-23
398,2019-10-26,84,Ozone,Mission Viejo,06-059-2022,AQS,19.0,84,3.0,33.0,53,51.0,34.0522,-118.2437,Los_Angeles,2020-03-23
399,2019-10-27,64,PM10,Lancaster-Division Street,06-037-9033,AQS,8.0,51,0.0,64.0,62,29.0,34.0522,-118.2437,Los_Angeles,2020-03-23
400,2019-10-28,76,PM10,Anaheim,06-059-0007,AQS,10.0,51,3.0,76.0,65,54.0,34.0522,-118.2437,Los_Angeles,2020-03-23
401,2019-10-29,59,PM2.5,Long Beach-Route 710 Near Road,06-037-4008,AQS,15.0,48,1.0,53.0,59,52.0,34.0522,-118.2437,Los_Angeles,2020-03-23
402,2019-10-30,87,PM10,Anaheim,06-059-0007,AQS,10.0,44,0.0,87.0,54,51.0,34.0522,-118.2437,Los_Angeles,2020-03-23
403,2019-10-31,65,NO2,Long Beach-Route 710 Near Road,06-037-4008,AQS,11.0,44,1.0,31.0,64,65.0,34.0522,-118.2437,Los_Angeles,2020-03-23
404,2019-11-01,62,NO2,Long Beach-Route 710 Near Road,06-037-4008,AQS,15.0,45,3.0,39.0,61,62.0,34.0522,-118.2437,Los_Angeles,2020-03-23
405,2019-11-02,92,PM2.5,Long Beach-Route 710 Near Road,06-037-4008,AQS,22.0,48,4.0,44.0,92,53.0,34.0522,-118.2437,Los_Angeles,2020-03-23
406,2019-11-03,97,Ozone,Mission Viejo,06-059-2022,AQS,18.0,97,3.0,35.0,86,51.0,34.0522,-118.2437,Los_Angeles,2020-03-23
407,2019-11-04,97,Ozone,Reseda,06-037-1201,AQS,27.0,97,10.0,41.0,80,97.0,34.0522,-118.2437,Los_Angeles,2020-03-23
408,2019-11-05,74,Ozone,Mission Viejo,06-059-2022,AQS,16.0,74,9.0,54.0,71,69.0,34.0522,-118.2437,Los_Angeles,2020-03-23
409,2019-11-06,81,PM2.5,Los Angeles-North Main Street,06-037-1103,AQS,16.0,48,3.0,46.0,81,69.0,34.0522,-118.2437,Los_Angeles,2020-03-23
410,2019-11-07,121,PM2.5,Los Angeles-North Main Street,06-037-1103,AQS,13.0,61,1.0,52.0,121,57.0,34.0522,-118.2437,Los_Angeles,2020-03-23
411,2019-11-08,82,NO2,Long Beach-Route 710 Near Road,06-037-4008,AQS,19.0,46,1.0,51.0,81,82.0,34.0522,-118.2437,Los_Angeles,2020-03-23
412,2019-11-09,66,PM2.5,Long Beach-Route 710 Near Road,06-037-4008,AQS,26.0,44,4.0,31.0,66,50.0,34.0522,-118.2437,Los_Angeles,2020-03-23
413,2019-11-10,73,PM2.5,Los Angeles-North Main Street,06-037-1103,AQS,14.0,64,1.0,27.0,73,37.0,34.0522,-118.2437,Los_Angeles,2020-03-23
414,2019-11-11,93,PM2.5,Reseda,06-037-1201,AQS,9.0,61,3.0,50.0,93,45.0,34.0522,-118.2437,Los_Angeles,2020-03-23
415,2019-11-12,102,PM2.5,Anaheim,06-059-0007,AQS,13.0,49,4.0,50.0,102,57.0,34.0522,-118.2437,Los_Angeles,2020-03-23
416,2019-11-13,101,PM2.5,Anaheim,06-059-0007,AQS,14.0,50,7.0,45.0,101,55.0,34.0522,-118.2437,Los_Angeles,2020-03-23
417,2019-11-14,88,PM2.5,Glendora,06-037-0016,AQS,11.0,51,1.0,45.0,88,48.0,34.0522,-118.2437,Los_Angeles,2020-03-23
418,2019-11-15,76,PM2.5,Los Angeles-North Main Street,06-037-1103,AQS,11.0,44,1.0,33.0,76,42.0,34.0522,-118.2437,Los_Angeles,2020-03-23
419,2019-11-16,77,PM2.5,Long Beach (South),06-037-4004,AQS,18.0,50,4.0,39.0,77,62.0,34.0522,-118.2437,Los_Angeles,2020-03-23
420,2019-11-17,68,PM2.5,Long Beach-Route 710 Near Road,06-037-4008,AQS,25.0,50,4.0,31.0,68,58.0,34.0522,-118.2437,Los_Angeles,2020-03-23
421,2019-11-18,67,NO2,Long Beach-Route 710 Near Road,06-037-4008,AQS,18.0,54,3.0,37.0,48,67.0,34.0522,-118.2437,Los_Angeles,2020-03-23
422,2019-11-19,74,NO2,Long Beach-Route 710 Near Road,06-037-4008,AQS,17.0,45,4.0,41.0,61,74.0,34.0522,-118.2437,Los_Angeles,2020-03-23
423,2019-11-20,41,PM2.5,Long Beach-Route 710 Near Road,06-037-4008,AQS,6.0,41,0.0,12.0,41,39.0,34.0522,-118.2437,Los_Angeles,2020-03-23
424,2019-11-21,47,PM2.5,Reseda,06-037-1201,AQS,9.0,39,0.0,15.0,47,42.0,34.0522,-118.2437,Los_Angeles,2020-03-23
425,2019-11-22,56,PM2.5,Reseda,06-037-1201,AQS,11.0,40,0.0,22.0,56,44.0,34.0522,-118.2437,Los_Angeles,2020-03-23
426,2019-11-23,76,PM2.5,Long Beach-Route 710 Near Road,06-037-4008,AQS,11.0,44,4.0,20.0,76,44.0,34.0522,-118.2437,Los_Angeles,2020-03-23
427,2019-11-24,109,PM2.5,Long Beach-Route 710 Near Road,06-037-4008,AQS,14.0,45,1.0,16.0,109,42.0,34.0522,-118.2437,Los_Angeles,2020-03-23
428,2019-11-25,103,PM10,Lancaster-Division Street,06-037-9033,AQS,17.0,46,1.0,103.0,92,43.0,34.0522,-118.2437,Los_Angeles,2020-03-23
429,2019-11-26,106,PM10,Lancaster-Division Street,06-037-9033,AQS,11.0,41,1.0,106.0,79,53.0,34.0522,-118.2437,Los_Angeles,2020-03-23
430,2019-11-27,65,PM2.5,Long Beach-Route 710 Near Road,06-037-4008,AQS,9.0,39,0.0,25.0,65,52.0,34.0522,-118.2437,Los_Angeles,2020-03-23
431,2019-11-28,52,PM2.5,Reseda,06-037-1201,AQS,7.0,39,0.0,6.0,52,30.0,34.0522,-118.2437,Los_Angeles,2020-03-23
432,2019-11-29,66,PM2.5,Long Beach-Route 710 Near Road,06-037-4008,AQS,9.0,39,0.0,11.0,66,34.0,34.0522,-118.2437,Los_Angeles,2020-03-23
433,2019-11-30,76,PM2.5,Long Beach-Route 710 Near Road,06-037-4008,AQS,11.0,33,0.0,9.0,76,29.0,34.0522,-118.2437,Los_Angeles,2020-03-23
434,2019-12-01,60,PM2.5,Reseda,06-037-1201,AQS,14.0,35,1.0,13.0,60,37.0,34.0522,-118.2437,Los_Angeles,2020-03-23
435,2019-12-02,67,PM2.5,Long Beach-Route 710 Near Road,06-037-4008,AQS,15.0,31,4.0,22.0,67,53.0,34.0522,-118.2437,Los_Angeles,2020-03-23
436,2019-12-03,88,PM2.5,Long Beach-Route 710 Near Road,06-037-4008,AQS,26.0,29,3.0,21.0,88,57.0,34.0522,-118.2437,Los_Angeles,2020-03-23
437,2019-12-04,57,PM2.5,Reseda,06-037-1201,AQS,16.0,32,0.0,9.0,57,43.0,34.0522,-118.2437,Los_Angeles,2020-03-23
438,2019-12-05,56,PM2.5,Reseda,06-037-1201,AQS,18.0,33,0.0,19.0,56,42.0,34.0522,-118.2437,Los_Angeles,2020-03-23
439,2019-12-06,64,PM2.5,Long Beach-Route 710 Near Road,06-037-4008,AQS,14.0,23,1.0,19.0,64,47.0,34.0522,-118.2437,Los_Angeles,2020-03-23
440,2019-12-07,52,PM2.5,Reseda,06-037-1201,AQS,13.0,26,1.0,9.0,52,33.0,34.0522,-118.2437,Los_Angeles,2020-03-23
441,2019-12-08,52,PM2.5,Long Beach-Route 710 Near Road,06-037-4008,AQS,8.0,35,0.0,10.0,52,25.0,34.0522,-118.2437,Los_Angeles,2020-03-23
442,2019-12-09,125,PM2.5,Long Beach-Route 710 Near Road,06-037-4008,AQS,10.0,39,4.0,18.0,125,42.0,34.0522,-118.2437,Los_Angeles,2020-03-23
443,2019-12-10,61,PM2.5,Reseda,06-037-1201,AQS,16.0,28,1.0,23.0,61,49.0,34.0522,-118.2437,Los_Angeles,2020-03-23
444,2019-12-11,70,PM2.5,Long Beach-Route 710 Near Road,06-037-4008,AQS,22.0,28,4.0,41.0,70,50.0,34.0522,-118.2437,Los_Angeles,2020-03-23
445,2019-12-12,81,PM2.5,Los Angeles-North Main Street,06-037-1103,AQS,19.0,31,3.0,32.0,81,54.0,34.0522,-118.2437,Los_Angeles,2020-03-23
446,2019-12-13,96,PM2.5,Los Angeles-North Main Street,06-037-1103,AQS,17.0,37,1.0,35.0,96,52.0,34.0522,-118.2437,Los_Angeles,2020-03-23
447,2019-12-14,88,PM2.5,Los Angeles-North Main Street,06-037-1103,AQS,10.0,38,0.0,30.0,88,30.0,34.0522,-118.2437,Los_Angeles,2020-03-23
448,2019-12-15,42,PM2.5,Anaheim,06-059-0007,AQS,13.0,40,0.0,19.0,42,34.0,34.0522,-118.2437,Los_Angeles,2020-03-23
449,2019-12-16,48,NO2,Long Beach-Route 710 Near Road,06-037-4008,AQS,10.0,39,3.0,20.0,35,48.0,34.0522,-118.2437,Los_Angeles,2020-03-23
450,2019-12-17,54,NO2,Long Beach-Route 710 Near Road,06-037-4008,AQS,11.0,40,1.0,25.0,33,54.0,34.0522,-118.2437,Los_Angeles,2020-03-23
451,2019-12-18,62,NO2,Long Beach-Route 710 Near Road,06-037-4008,AQS,18.0,37,3.0,24.0,60,62.0,34.0522,-118.2437,Los_Angeles,2020-03-23
452,2019-12-19,76,PM2.5,Long Beach-Route 710 Near Road,06-037-4008,AQS,20.0,37,3.0,35.0,76,61.0,34.0522,-118.2437,Los_Angeles,2020-03-23
453,2019-12-20,62,PM2.5,Long Beach-Route 710 Near Road,06-037-4008,AQS,22.0,34,0.0,31.0,62,52.0,34.0522,-118.2437,Los_Angeles,2020-03-23
454,2019-12-21,73,PM2.5,Compton,06-037-1302,AQS,28.0,31,1.0,25.0,73,43.0,34.0522,-118.2437,Los_Angeles,2020-03-23
455,2019-12-22,59,PM2.5,Long Beach-Route 710 Near Road,06-037-4008,AQS,36.0,43,3.0,16.0,59,38.0,34.0522,-118.2437,Los_Angeles,2020-03-23
456,2019-12-23,36,Ozone,Mission Viejo,06-059-2022,AQS,8.0,36,0.0,8.0,32,36.0,34.0522,-118.2437,Los_Angeles,2020-03-23
457,2019-12-24,59,PM2.5,Anaheim,06-059-0007,AQS,16.0,36,0.0,18.0,59,35.0,34.0522,-118.2437,Los_Angeles,2020-03-23
458,2019-12-25,61,PM2.5,Reseda,06-037-1201,AQS,13.0,40,1.0,7.0,61,25.0,34.0522,-118.2437,Los_Angeles,2020-03-23
459,2019-12-26,43,NO2,Long Beach-Route 710 Near Road,06-037-4008,AQS,14.0,41,0.0,6.0,33,43.0,34.0522,-118.2437,Los_Angeles,2020-03-23
460,2019-12-27,69,PM2.5,Long Beach-Route 710 Near Road,06-037-4008,AQS,18.0,34,1.0,12.0,69,38.0,34.0522,-118.2437,Los_Angeles,2020-03-23
461,2019-12-28,65,PM2.5,Long Beach-Route 710 Near Road,06-037-4008,AQS,13.0,40,1.0,18.0,65,34.0,34.0522,-118.2437,Los_Angeles,2020-03-23
462,2019-12-29,82,PM2.5,Reseda,06-037-1201,AQS,16.0,40,3.0,23.0,82,33.0,34.0522,-118.2437,Los_Angeles,2020-03-23
463,2019-12-30,59,PM2.5,Long Beach-Route 710 Near Road,06-037-4008,AQS,17.0,39,3.0,18.0,59,49.0,34.0522,-118.2437,Los_Angeles,2020-03-23
464,2019-12-31,78,PM2.5,Long Beach-Route 710 Near Road,06-037-4008,AQS,22.0,41,1.0,16.0,78,49.0,34.0522,-118.2437,Los_Angeles,2020-03-23
