,date,overall_aqi_value,main_pollutant,site_name,site_id,source_aqi,co,ozone,so2,pm10,pm25,no2,lat,lon,city_name,state_ordinance,population
0,2020-01-01,29,Ozone,Portland,41-051-0080,AirNow,,29,,,16,,45.5051,-122.675,Portland,2020-03-23,653115
1,2020-01-02,28,Ozone,Portland,41-051-0080,AirNow,,28,,,20,,45.5051,-122.675,Portland,2020-03-23,653115
2,2020-01-03,35,Ozone,Portland,41-051-0080,AirNow,,35,,,20,,45.5051,-122.675,Portland,2020-03-23,653115
3,2020-01-04,34,Ozone,Portland,41-051-0080,AirNow,,34,,,20,,45.5051,-122.675,Portland,2020-03-23,653115
4,2020-01-05,31,Ozone,Portland,41-051-0080,AirNow,,31,,,15,,45.5051,-122.675,Portland,2020-03-23,653115
5,2020-01-06,31,Ozone,Portland,41-051-0080,AirNow,,31,,,13,,45.5051,-122.675,Portland,2020-03-23,653115
6,2020-01-07,32,Ozone,Portland,41-051-0080,AirNow,,32,,,13,,45.5051,-122.675,Portland,2020-03-23,653115
7,2020-01-08,24,Ozone,Portland,41-051-0080,AirNow,,24,,,19,,45.5051,-122.675,Portland,2020-03-23,653115
8,2020-01-09,36,PM2.5,Portland,41-067-0004,AirNow,,14,,,36,,45.5051,-122.675,Portland,2020-03-23,653115
9,2020-01-10,34,Ozone,Portland,41-051-0080,AirNow,,34,,,16,,45.5051,-122.675,Portland,2020-03-23,653115
10,2020-01-11,31,Ozone,Portland,41-051-0080,AirNow,,31,,,16,,45.5051,-122.675,Portland,2020-03-23,653115
11,2020-01-12,33,Ozone,Portland,41-051-0080,AirNow,,33,,,13,,45.5051,-122.675,Portland,2020-03-23,653115
12,2020-01-13,30,Ozone,Portland,41-051-0080,AirNow,,30,,,27,,45.5051,-122.675,Portland,2020-03-23,653115
13,2020-01-14,28,Ozone,Portland,41-051-0080,AirNow,,28,,,26,,45.5051,-122.675,Portland,2020-03-23,653115
14,2020-01-15,33,Ozone,Portland,41-051-0080,AirNow,,33,,,18,,45.5051,-122.675,Portland,2020-03-23,653115
15,2020-01-16,43,PM2.5,Portland,41-051-0080,AirNow,,23,,,43,,45.5051,-122.675,Portland,2020-03-23,653115
16,2020-01-17,33,PM2.5,Portland,41-067-0005,AirNow,,24,,,33,,45.5051,-122.675,Portland,2020-03-23,653115
17,2020-01-18,25,PM2.5,Portland,41-067-0005,AirNow,,24,,,25,,45.5051,-122.675,Portland,2020-03-23,653115
18,2020-01-19,30,PM2.5,Portland,41-051-0080,AirNow,,25,,,30,,45.5051,-122.675,Portland,2020-03-23,653115
19,2020-01-20,61,PM2.5,Portland,53-011-0024,AirNow,,22,,,61,,45.5051,-122.675,Portland,2020-03-23,653115
20,2020-01-21,34,Ozone,Portland,41-051-0080,AirNow,,34,,,28,,45.5051,-122.675,Portland,2020-03-23,653115
21,2020-01-22,28,Ozone,Portland,41-051-0080,AirNow,,28,,,12,,45.5051,-122.675,Portland,2020-03-23,653115
22,2020-01-23,28,Ozone,Portland,41-051-0080,AirNow,,28,,,15,,45.5051,-122.675,Portland,2020-03-23,653115
23,2020-01-24,30,Ozone,Portland,41-051-0080,AirNow,,30,,,23,,45.5051,-122.675,Portland,2020-03-23,653115
24,2020-01-25,27,PM2.5,Portland,41-067-0004,AirNow,,25,,,27,,45.5051,-122.675,Portland,2020-03-23,653115
25,2020-01-26,32,Ozone,Portland,41-051-0080,AirNow,,32,,,17,,45.5051,-122.675,Portland,2020-03-23,653115
26,2020-01-27,33,Ozone,Portland,41-051-0080,AirNow,,33,,,23,,45.5051,-122.675,Portland,2020-03-23,653115
27,2020-01-28,33,Ozone,Portland,41-051-0080,AirNow,,33,,,13,,45.5051,-122.675,Portland,2020-03-23,653115
28,2020-01-29,21,PM2.5,Portland,41-067-0004,AirNow,,21,,,21,,45.5051,-122.675,Portland,2020-03-23,653115
29,2020-01-30,25,PM2.5,Portland,41-067-0005,AirNow,,23,,,25,,45.5051,-122.675,Portland,2020-03-23,653115
30,2020-01-31,30,Ozone,Portland,41-051-0080,AirNow,,30,,,11,,45.5051,-122.675,Portland,2020-03-23,653115
31,2020-02-01,30,Ozone,Portland,41-051-0080,AirNow,,30,,,13,,45.5051,-122.675,Portland,2020-03-23,653115
32,2020-02-02,52,PM2.5,Portland,41-051-0080,AirNow,,27,,,52,,45.5051,-122.675,Portland,2020-03-23,653115
33,2020-02-03,54,PM2.5,Portland,53-011-0024,AirNow,,19,,,54,,45.5051,-122.675,Portland,2020-03-23,653115
34,2020-02-04,54,PM2.5,Portland,53-011-0024,AirNow,,29,,,54,,45.5051,-122.675,Portland,2020-03-23,653115
35,2020-02-05,35,PM2.5,Portland,41-067-0004,AirNow,,27,,,35,,45.5051,-122.675,Portland,2020-03-23,653115
36,2020-02-06,31,Ozone,Portland,41-051-0080,AirNow,,31,,,11,,45.5051,-122.675,Portland,2020-03-23,653115
37,2020-02-07,34,Ozone,Portland,41-051-0080,AirNow,,34,,,12,,45.5051,-122.675,Portland,2020-03-23,653115
38,2020-02-08,31,Ozone,Portland,41-051-0080,AirNow,,31,,,30,,45.5051,-122.675,Portland,2020-03-23,653115
39,2020-02-09,51,PM2.5,Portland,41-051-0080,AirNow,,18,,,51,,45.5051,-122.675,Portland,2020-03-23,653115
40,2020-02-10,51,PM2.5,Portland,41-067-0005,AirNow,,17,,,51,,45.5051,-122.675,Portland,2020-03-23,653115
41,2020-02-11,64,PM2.5,Portland,41-067-0004,AirNow,,5,,,64,,45.5051,-122.675,Portland,2020-03-23,653115
42,2020-02-12,61,PM2.5,Portland,41-051-0080,AirNow,,17,,,61,,45.5051,-122.675,Portland,2020-03-23,653115
43,2020-02-13,53,PM2.5,Portland,41-051-0080,AirNow,,22,,,53,,45.5051,-122.675,Portland,2020-03-23,653115
44,2020-02-14,27,Ozone,Portland,41-051-0080,AirNow,,27,,,25,,45.5051,-122.675,Portland,2020-03-23,653115
45,2020-02-15,30,Ozone,Portland,41-051-0080,AirNow,,30,,,15,,45.5051,-122.675,Portland,2020-03-23,653115
46,2020-02-16,31,Ozone,Portland,41-051-0080,AirNow,,31,,,25,,45.5051,-122.675,Portland,2020-03-23,653115
47,2020-02-17,31,Ozone,Portland,41-051-0080,AirNow,,31,,,25,,45.5051,-122.675,Portland,2020-03-23,653115
48,2020-02-18,32,PM2.5,Portland,41-051-0080,AirNow,,31,,,32,,45.5051,-122.675,Portland,2020-03-23,653115
49,2020-02-19,32,Ozone,Portland,41-051-0080,AirNow,,32,,,19,,45.5051,-122.675,Portland,2020-03-23,653115
50,2020-02-20,31,PM2.5,Portland,53-011-0022,AirNow,,30,,,31,,45.5051,-122.675,Portland,2020-03-23,653115
51,2020-02-21,59,PM2.5,Portland,53-011-0024,AirNow,,23,,,59,,45.5051,-122.675,Portland,2020-03-23,653115
52,2020-02-22,61,PM2.5,Portland,53-011-0022,AirNow,,27,,,61,,45.5051,-122.675,Portland,2020-03-23,653115
53,2020-02-23,37,Ozone,Portland,41-051-0080,AirNow,,37,,,29,,45.5051,-122.675,Portland,2020-03-23,653115
54,2020-02-24,34,PM2.5,Portland,53-011-0024,AirNow,,29,,,34,,45.5051,-122.675,Portland,2020-03-23,653115
55,2020-02-25,47,PM2.5,Portland,53-011-0024,AirNow,,19,,,47,,45.5051,-122.675,Portland,2020-03-23,653115
56,2020-02-26,43,PM2.5,Portland,41-051-0080,AirNow,,24,,,43,,45.5051,-122.675,Portland,2020-03-23,653115
57,2020-02-27,56,PM2.5,Portland,41-051-0080,AirNow,,21,,,56,,45.5051,-122.675,Portland,2020-03-23,653115
58,2020-02-28,45,PM2.5,Portland,53-011-0024,AirNow,,27,,,45,,45.5051,-122.675,Portland,2020-03-23,653115
59,2020-02-29,34,Ozone,Portland,41-051-0080,AirNow,,34,,,28,,45.5051,-122.675,Portland,2020-03-23,653115
60,2020-03-01,47,PM2.5,Portland,53-011-0024,AirNow,,30,,,47,,45.5051,-122.675,Portland,2020-03-23,653115
61,2020-03-02,31,PM2.5,Portland,53-011-0024,AirNow,,29,,,31,,45.5051,-122.675,Portland,2020-03-23,653115
62,2020-03-03,29,Ozone,Portland,41-051-0080,AirNow,,29,,,23,,45.5051,-122.675,Portland,2020-03-23,653115
63,2020-03-04,34,Ozone,Portland,41-051-0080,AirNow,,34,,,32,,45.5051,-122.675,Portland,2020-03-23,653115
64,2020-03-05,46,PM2.5,Portland,41-051-0080,AirNow,,29,,,46,,45.5051,-122.675,Portland,2020-03-23,653115
65,2020-03-06,28,Ozone,Portland,41-051-0080,AirNow,,28,,,18,,45.5051,-122.675,Portland,2020-03-23,653115
66,2020-03-07,30,Ozone,Portland,41-051-0080,AirNow,,30,,,23,,45.5051,-122.675,Portland,2020-03-23,653115
67,2020-03-08,35,PM2.5,Portland,41-051-0080,AirNow,,31,,,35,,45.5051,-122.675,Portland,2020-03-23,653115
68,2020-03-09,53,PM2.5,Portland,41-051-0080,AirNow,,19,,,53,,45.5051,-122.675,Portland,2020-03-23,653115
69,2020-03-10,54,PM2.5,Portland,41-051-0080,AirNow,,27,,,54,,45.5051,-122.675,Portland,2020-03-23,653115
70,2020-03-11,36,Ozone,Portland,41-051-0080,AirNow,,36,,,29,,45.5051,-122.675,Portland,2020-03-23,653115
71,2020-03-12,32,Ozone,Portland,41-051-0080,AirNow,,32,,,31,,45.5051,-122.675,Portland,2020-03-23,653115
72,2020-03-13,35,PM2.5,Portland,53-011-0024,AirNow,,23,,,35,,45.5051,-122.675,Portland,2020-03-23,653115
73,2020-03-14,30,Ozone,Portland,41-051-0080,AirNow,,30,,,21,,45.5051,-122.675,Portland,2020-03-23,653115
74,2020-03-15,31,Ozone,Portland,41-051-0080,AirNow,,31,,,15,,45.5051,-122.675,Portland,2020-03-23,653115
75,2020-03-16,54,Ozone,Portland,41-051-0080,AirNow,,54,,,33,,45.5051,-122.675,Portland,2020-03-23,653115
76,2020-03-17,42,PM2.5,Portland,53-011-0022,AirNow,,29,,,42,,45.5051,-122.675,Portland,2020-03-23,653115
77,2020-03-18,47,PM2.5,Portland,53-011-0024,AirNow,,35,,,47,,45.5051,-122.675,Portland,2020-03-23,653115
78,2020-03-19,57,PM2.5,Portland,41-051-0080,AirNow,,29,,,57,,45.5051,-122.675,Portland,2020-03-23,653115
79,2020-03-20,44,PM2.5,Portland,53-011-0022,AirNow,,37,,,44,,45.5051,-122.675,Portland,2020-03-23,653115
80,2020-03-21,55,PM2.5,Portland,41-051-0080,AirNow,,37,,,55,,45.5051,-122.675,Portland,2020-03-23,653115
81,2020-03-22,69,PM2.5,Portland,41-051-0080,AirNow,,38,,,69,,45.5051,-122.675,Portland,2020-03-23,653115
82,2020-03-23,34,Ozone,Portland,41-051-0080,AirNow,,34,,,15,,45.5051,-122.675,Portland,2020-03-23,653115
83,2020-03-24,32,Ozone,Portland,41-051-0080,AirNow,,32,,,14,,45.5051,-122.675,Portland,2020-03-23,653115
84,2020-03-25,32,Ozone,Portland,41-051-0080,AirNow,,32,,,25,,45.5051,-122.675,Portland,2020-03-23,653115
85,2020-03-26,36,PM2.5,Portland,41-067-0004,AirNow,,32,,,36,,45.5051,-122.675,Portland,2020-03-23,653115
86,2020-03-27,35,Ozone,Portland,41-051-0080,AirNow,,35,,,32,,45.5051,-122.675,Portland,2020-03-23,653115
87,2020-03-28,35,Ozone,Portland,41-051-0080,AirNow,,35,,,22,,45.5051,-122.675,Portland,2020-03-23,653115
88,2020-03-29,32,Ozone,Portland,41-051-0080,AirNow,,32,,,12,,45.5051,-122.675,Portland,2020-03-23,653115
89,2020-03-30,35,Ozone,Portland,41-051-0080,AirNow,,35,,,12,,45.5051,-122.675,Portland,2020-03-23,653115
90,2020-03-31,36,Ozone,Portland,41-051-0080,AirNow,,36,,,12,,45.5051,-122.675,Portland,2020-03-23,653115
91,2020-04-01,30,Ozone,Portland,41-051-0080,AirNow,,30,,,18,,45.5051,-122.675,Portland,2020-03-23,653115
92,2020-04-02,29,Ozone,Portland,41-051-0080,AirNow,,29,,,19,,45.5051,-122.675,Portland,2020-03-23,653115
93,2020-04-03,27,Ozone,Portland,41-051-0080,AirNow,,27,,,25,,45.5051,-122.675,Portland,2020-03-23,653115
94,2020-04-04,27,Ozone,Portland,41-051-0080,AirNow,,27,,,25,,45.5051,-122.675,Portland,2020-03-23,653115
95,2020-04-05,31,Ozone,Portland,41-051-0080,AirNow,,31,,,25,,45.5051,-122.675,Portland,2020-03-23,653115
96,2020-04-06,33,PM2.5,Portland,53-011-0024,AirNow,,30,,,33,,45.5051,-122.675,Portland,2020-03-23,653115
97,2020-04-07,41,Ozone,Portland,41-051-0080,AirNow,,41,,,26,,45.5051,-122.675,Portland,2020-03-23,653115
98,2020-04-08,40,Ozone,Portland,41-051-0080,AirNow,,40,,,36,,45.5051,-122.675,Portland,2020-03-23,653115
99,2020-04-09,44,Ozone,Portland,41-051-0080,AirNow,,44,,,38,,45.5051,-122.675,Portland,2020-03-23,653115
100,2020-04-10,35,Ozone,Portland,41-051-0080,AirNow,,35,,,23,,45.5051,-122.675,Portland,2020-03-23,653115
101,2019-01-01,128,PM2.5,Portland,53-011-0024,AQS,10.0,8,1,.,128,16.0,45.5051,-122.675,Portland,2020-03-23,653115
102,2019-01-02,76,PM2.5,Portland,41-051-0080,AQS,13.0,12,1,.,76,16.0,45.5051,-122.675,Portland,2020-03-23,653115
103,2019-01-03,28,PM2.5,Portland,41-067-0004,AQS,7.0,27,0,7,28,13.0,45.5051,-122.675,Portland,2020-03-23,653115
104,2019-01-04,27,PM2.5,Portland,41-067-0111,AQS,7.0,26,0,.,27,18.0,45.5051,-122.675,Portland,2020-03-23,653115
105,2019-01-05,46,PM2.5,Portland,53-011-0024,AQS,7.0,33,0,.,46,20.0,45.5051,-122.675,Portland,2020-03-23,653115
106,2019-01-06,32,Ozone,Portland,41-051-0080,AQS,5.0,32,0,2,13,15.0,45.5051,-122.675,Portland,2020-03-23,653115
107,2019-01-07,35,PM2.5,Portland,53-011-0024,AQS,5.0,29,1,.,35,26.0,45.5051,-122.675,Portland,2020-03-23,653115
108,2019-01-08,29,Ozone,Portland,41-051-0080,AQS,3.0,29,0,.,10,6.0,45.5051,-122.675,Portland,2020-03-23,653115
109,2019-01-09,26,Ozone,Portland,41-051-0080,AQS,5.0,26,0,6,20,20.0,45.5051,-122.675,Portland,2020-03-23,653115
110,2019-01-10,30,PM2.5,Portland,53-011-0024,AQS,6.0,19,0,.,30,23.0,45.5051,-122.675,Portland,2020-03-23,653115
111,2019-01-11,73,PM2.5,Portland,53-011-0024,AQS,6.0,19,0,.,73,10.0,45.5051,-122.675,Portland,2020-03-23,653115
112,2019-01-12,63,PM2.5,Portland,53-011-0024,AQS,2.0,21,0,4,63,5.0,45.5051,-122.675,Portland,2020-03-23,653115
113,2019-01-13,62,PM2.5,Portland,53-011-0024,AQS,2.0,24,0,.,62,4.0,45.5051,-122.675,Portland,2020-03-23,653115
114,2019-01-14,32,PM2.5,Portland,53-011-0022,AQS,2.0,23,0,.,32,6.0,45.5051,-122.675,Portland,2020-03-23,653115
115,2019-01-15,48,PM2.5,Portland,53-011-0024,AQS,2.0,19,0,14,48,5.0,45.5051,-122.675,Portland,2020-03-23,653115
116,2019-01-16,55,PM2.5,Portland,53-011-0024,AQS,2.0,18,0,.,55,7.0,45.5051,-122.675,Portland,2020-03-23,653115
117,2019-01-17,32,Ozone,Portland,41-051-0080,AQS,5.0,32,0,.,16,16.0,45.5051,-122.675,Portland,2020-03-23,653115
118,2019-01-18,27,NO2,Portland,41-051-0080,AQS,7.0,22,1,5,23,27.0,45.5051,-122.675,Portland,2020-03-23,653115
119,2019-01-19,46,PM2.5,Portland,41-067-0004,AQS,8.0,14,1,.,46,23.0,45.5051,-122.675,Portland,2020-03-23,653115
120,2019-01-20,43,PM2.5,Portland,41-067-0111,AQS,8.0,18,0,.,43,25.0,45.5051,-122.675,Portland,2020-03-23,653115
121,2019-01-21,52,PM2.5,Portland,41-051-0080,AQS,7.0,11,0,15,52,23.0,45.5051,-122.675,Portland,2020-03-23,653115
122,2019-01-22,28,PM2.5,Portland,41-051-0080,AQS,6.0,28,0,.,28,20.0,45.5051,-122.675,Portland,2020-03-23,653115
123,2019-01-23,30,Ozone,Portland,41-051-0080,AQS,6.0,30,0,.,17,25.0,45.5051,-122.675,Portland,2020-03-23,653115
124,2019-01-24,56,PM2.5,Portland,53-011-0024,AQS,9.0,12,.,16,56,32.0,45.5051,-122.675,Portland,2020-03-23,653115
125,2019-01-25,60,PM2.5,Portland,41-051-0080,AQS,13.0,6,.,.,60,23.0,45.5051,-122.675,Portland,2020-03-23,653115
126,2019-01-26,82,PM2.5,Portland,41-051-0080,AQS,18.0,3,.,.,82,16.0,45.5051,-122.675,Portland,2020-03-23,653115
127,2019-01-27,72,PM2.5,Portland,41-051-2011,AQS,11.0,8,.,20,72,18.0,45.5051,-122.675,Portland,2020-03-23,653115
128,2019-01-28,33,PM2.5,Portland,53-011-0024,AQS,7.0,29,.,.,33,12.0,45.5051,-122.675,Portland,2020-03-23,653115
129,2019-01-29,51,PM2.5,Portland,53-011-0024,AQS,2.0,25,.,.,51,6.0,45.5051,-122.675,Portland,2020-03-23,653115
130,2019-01-30,64,PM2.5,Portland,41-067-0004,AQS,7.0,22,.,7,64,26.0,45.5051,-122.675,Portland,2020-03-23,653115
131,2019-01-31,76,PM2.5,Portland,41-067-0004,AQS,9.0,12,.,.,76,28.0,45.5051,-122.675,Portland,2020-03-23,653115
132,2019-02-01,84,PM2.5,Portland,41-067-0004,AQS,8.0,8,.,.,84,23.0,45.5051,-122.675,Portland,2020-03-23,653115
133,2019-02-02,41,PM2.5,Portland,41-051-0080,AQS,6.0,24,0,10,41,18.0,45.5051,-122.675,Portland,2020-03-23,653115
134,2019-02-03,34,Ozone,Portland,41-051-0080,AQS,6.0,34,0,.,15,18.0,45.5051,-122.675,Portland,2020-03-23,653115
135,2019-02-04,28,NO2,Portland,41-067-0005,AQS,6.0,25,0,.,17,28.0,45.5051,-122.675,Portland,2020-03-23,653115
136,2019-02-05,55,PM2.5,Portland,41-051-0080,AQS,7.0,17,0,16,55,29.0,45.5051,-122.675,Portland,2020-03-23,653115
137,2019-02-06,68,PM2.5,Portland,41-067-0004,AQS,10.0,22,3,.,68,29.0,45.5051,-122.675,Portland,2020-03-23,653115
138,2019-02-07,60,PM2.5,Portland,41-067-0004,AQS,7.0,31,0,.,60,27.0,45.5051,-122.675,Portland,2020-03-23,653115
139,2019-02-08,53,PM2.5,Portland,53-011-0024,AQS,5.0,28,0,16,53,25.0,45.5051,-122.675,Portland,2020-03-23,653115
140,2019-02-09,31,Ozone,Portland,41-067-0005,AQS,3.0,31,.,.,26,7.0,45.5051,-122.675,Portland,2020-03-23,653115
141,2019-02-10,30,Ozone,Portland,41-067-0005,AQS,3.0,30,.,.,19,8.0,45.5051,-122.675,Portland,2020-03-23,653115
142,2019-02-11,37,Ozone,Portland,41-051-0080,AQS,3.0,37,.,1,11,19.0,45.5051,-122.675,Portland,2020-03-23,653115
143,2019-02-12,36,Ozone,Portland,41-051-0080,AQS,5.0,36,0,.,15,27.0,45.5051,-122.675,Portland,2020-03-23,653115
144,2019-02-13,35,PM2.5,Portland,41-051-0080,AQS,7.0,34,1,.,35,29.0,45.5051,-122.675,Portland,2020-03-23,653115
145,2019-02-14,35,Ozone,Portland,41-051-0080,AQS,3.0,35,0,4,17,20.0,45.5051,-122.675,Portland,2020-03-23,653115
146,2019-02-15,33,Ozone,Portland,41-051-0080,AQS,3.0,33,0,.,15,13.0,45.5051,-122.675,Portland,2020-03-23,653115
147,2019-02-16,28,Ozone,Portland,41-051-0080,AQS,6.0,28,0,.,23,26.0,45.5051,-122.675,Portland,2020-03-23,653115
148,2019-02-17,42,PM2.5,Portland,53-011-0024,AQS,6.0,28,0,7,42,23.0,45.5051,-122.675,Portland,2020-03-23,653115
149,2019-02-18,61,PM2.5,Portland,41-051-0080,AQS,9.0,19,1,.,61,27.0,45.5051,-122.675,Portland,2020-03-23,653115
150,2019-02-19,35,PM2.5,Portland,53-011-0024,AQS,6.0,26,0,.,35,24.0,45.5051,-122.675,Portland,2020-03-23,653115
151,2019-02-20,30,NO2,Portland,41-067-0005,AQS,6.0,29,0,6,27,30.0,45.5051,-122.675,Portland,2020-03-23,653115
152,2019-02-21,43,PM2.5,Portland,41-051-2011,AQS,6.0,25,0,.,43,34.0,45.5051,-122.675,Portland,2020-03-23,653115
153,2019-02-22,48,PM2.5,Portland,41-067-0004,AQS,7.0,25,0,.,48,26.0,45.5051,-122.675,Portland,2020-03-23,653115
154,2019-02-23,33,PM2.5,Portland,53-011-0022,AQS,5.0,30,0,5,33,17.0,45.5051,-122.675,Portland,2020-03-23,653115
155,2019-02-24,35,Ozone,Portland,41-051-0080,AQS,5.0,35,0,.,25,18.0,45.5051,-122.675,Portland,2020-03-23,653115
156,2019-02-25,34,Ozone,Portland,41-051-0080,AQS,3.0,34,0,.,19,8.0,45.5051,-122.675,Portland,2020-03-23,653115
157,2019-02-26,40,Ozone,Portland,41-051-0080,AQS,3.0,40,0,17,28,21.0,45.5051,-122.675,Portland,2020-03-23,653115
158,2019-02-27,38,Ozone,Portland,41-051-0080,AQS,6.0,38,0,.,26,16.0,45.5051,-122.675,Portland,2020-03-23,653115
159,2019-02-28,30,PM2.5,Portland,41-067-0004,AQS,6.0,30,0,.,30,22.0,45.5051,-122.675,Portland,2020-03-23,653115
160,2019-03-01,38,PM2.5,Portland,41-067-0004,AQS,5.0,37,0,7,38,15.0,45.5051,-122.675,Portland,2020-03-23,653115
161,2019-03-02,58,PM2.5,Portland,53-011-0024,AQS,3.0,42,0,.,58,13.0,45.5051,-122.675,Portland,2020-03-23,653115
162,2019-03-03,43,Ozone,Portland,41-051-0080,AQS,2.0,43,0,.,25,4.0,45.5051,-122.675,Portland,2020-03-23,653115
163,2019-03-04,43,Ozone,Portland,41-051-0080,AQS,2.0,43,0,13,18,6.0,45.5051,-122.675,Portland,2020-03-23,653115
164,2019-03-05,44,Ozone,Portland,41-051-0080,AQS,2.0,44,0,.,31,8.0,45.5051,-122.675,Portland,2020-03-23,653115
165,2019-03-06,53,PM2.5,Portland,53-011-0024,AQS,6.0,42,0,.,53,33.0,45.5051,-122.675,Portland,2020-03-23,653115
166,2019-03-07,31,Ozone,Portland,41-051-0080,AQS,5.0,31,0,5,27,24.0,45.5051,-122.675,Portland,2020-03-23,653115
167,2019-03-08,36,PM2.5,Portland,41-051-0080,AQS,5.0,27,0,.,36,32.0,45.5051,-122.675,Portland,2020-03-23,653115
168,2019-03-09,38,Ozone,Portland,41-051-0080,AirNow,5.0,38,0,.,33,25.0,45.5051,-122.675,Portland,2020-03-23,653115
169,2019-03-10,41,Ozone,Portland,41-051-0080,AirNow,2.0,41,0,11,34,19.0,45.5051,-122.675,Portland,2020-03-23,653115
170,2019-03-11,38,Ozone,Portland,41-051-0080,AirNow,7.0,38,0,.,33,38.0,45.5051,-122.675,Portland,2020-03-23,653115
171,2019-03-12,37,Ozone,Portland,41-051-0080,AirNow,5.0,37,0,.,16,32.0,45.5051,-122.675,Portland,2020-03-23,653115
172,2019-03-13,30,Ozone,Portland,41-051-0080,AirNow,5.0,30,0,6,23,19.0,45.5051,-122.675,Portland,2020-03-23,653115
173,2019-03-14,31,Ozone,Portland,41-051-0080,AirNow,5.0,31,.,.,28,21.0,45.5051,-122.675,Portland,2020-03-23,653115
174,2019-03-15,40,Ozone,Portland,41-051-0080,AirNow,3.0,40,1,.,33,30.0,45.5051,-122.675,Portland,2020-03-23,653115
175,2019-03-16,53,PM2.5,Portland,53-011-0024,AQS,2.0,40,0,17,53,25.0,45.5051,-122.675,Portland,2020-03-23,653115
176,2019-03-17,45,PM2.5,Portland,53-011-0024,AQS,2.0,45,0,.,45,18.0,45.5051,-122.675,Portland,2020-03-23,653115
177,2019-03-18,44,Ozone,Portland,41-051-0080,AQS,2.0,44,0,.,24,9.0,45.5051,-122.675,Portland,2020-03-23,653115
178,2019-03-19,45,Ozone,Portland,41-051-0080,AQS,2.0,45,0,8,23,7.0,45.5051,-122.675,Portland,2020-03-23,653115
179,2019-03-20,47,Ozone,Portland,41-051-0080,AQS,3.0,47,0,.,22,21.0,45.5051,-122.675,Portland,2020-03-23,653115
180,2019-03-21,35,Ozone,Portland,41-051-0080,AQS,6.0,35,0,.,30,27.0,45.5051,-122.675,Portland,2020-03-23,653115
181,2019-03-22,38,PM2.5,Portland,41-051-0080,AQS,7.0,26,1,13,38,19.0,45.5051,-122.675,Portland,2020-03-23,653115
182,2019-03-23,38,Ozone,Portland,41-051-0080,AQS,5.0,38,0,.,31,19.0,45.5051,-122.675,Portland,2020-03-23,653115
183,2019-03-24,42,Ozone,Portland,41-051-0080,AQS,5.0,42,0,.,27,26.0,45.5051,-122.675,Portland,2020-03-23,653115
184,2019-03-25,34,PM2.5,Portland,53-011-0024,AQS,5.0,31,0,7,34,21.0,45.5051,-122.675,Portland,2020-03-23,653115
185,2019-03-26,41,Ozone,Portland,41-051-0080,AQS,5.0,41,0,.,18,26.0,45.5051,-122.675,Portland,2020-03-23,653115
186,2019-03-27,34,Ozone,Portland,41-051-0080,AQS,5.0,34,0,.,23,30.0,45.5051,-122.675,Portland,2020-03-23,653115
187,2019-03-28,32,Ozone,Portland,41-051-0080,AQS,6.0,32,0,9,21,18.0,45.5051,-122.675,Portland,2020-03-23,653115
188,2019-03-29,36,Ozone,Portland,41-051-0080,AQS,6.0,36,0,.,31,17.0,45.5051,-122.675,Portland,2020-03-23,653115
189,2019-03-30,34,Ozone,Portland,41-051-0080,AQS,6.0,34,0,.,32,21.0,45.5051,-122.675,Portland,2020-03-23,653115
190,2019-03-31,46,PM2.5,Portland,53-011-0024,AQS,7.0,35,0,10,46,27.0,45.5051,-122.675,Portland,2020-03-23,653115
191,2019-04-01,38,PM2.5,Portland,41-067-0005,AQS,8.0,31,0,.,38,24.0,45.5051,-122.675,Portland,2020-03-23,653115
192,2019-04-02,34,PM2.5,Portland,53-011-0024,AQS,3.0,20,0,.,34,27.0,45.5051,-122.675,Portland,2020-03-23,653115
193,2019-04-03,35,Ozone,Portland,41-051-0080,AQS,3.0,35,0,7,16,22.0,45.5051,-122.675,Portland,2020-03-23,653115
194,2019-04-04,26,PM2.5,Portland,53-011-0024,AQS,6.0,25,0,.,26,23.0,45.5051,-122.675,Portland,2020-03-23,653115
195,2019-04-05,41,Ozone,Portland,41-051-0080,AQS,3.0,41,0,.,18,17.0,45.5051,-122.675,Portland,2020-03-23,653115
196,2019-04-06,41,Ozone,Portland,41-051-0080,AQS,3.0,41,0,6,21,13.0,45.5051,-122.675,Portland,2020-03-23,653115
197,2019-04-07,35,Ozone,Portland,41-051-0080,AQS,2.0,35,0,.,13,19.0,45.5051,-122.675,Portland,2020-03-23,653115
198,2019-04-08,36,Ozone,Portland,41-051-0080,AQS,3.0,36,.,.,18,21.0,45.5051,-122.675,Portland,2020-03-23,653115
199,2019-04-09,38,Ozone,Portland,41-051-0080,AQS,3.0,38,0,9,17,28.0,45.5051,-122.675,Portland,2020-03-23,653115
200,2019-04-10,34,Ozone,Portland,41-051-0080,AQS,2.0,34,0,.,13,8.0,45.5051,-122.675,Portland,2020-03-23,653115
201,2019-04-11,32,Ozone,Portland,41-051-0080,AQS,2.0,32,0,.,14,7.0,45.5051,-122.675,Portland,2020-03-23,653115
202,2019-04-12,32,Ozone,Portland,41-051-0080,AQS,3.0,32,0,3,13,19.0,45.5051,-122.675,Portland,2020-03-23,653115
203,2019-04-13,33,Ozone,Portland,41-051-0080,AQS,3.0,33,0,.,15,15.0,45.5051,-122.675,Portland,2020-03-23,653115
204,2019-04-14,39,Ozone,Portland,41-051-0080,AQS,3.0,39,.,.,19,15.0,45.5051,-122.675,Portland,2020-03-23,653115
205,2019-04-15,31,Ozone,Portland,41-051-0080,AQS,3.0,31,0,9,23,23.0,45.5051,-122.675,Portland,2020-03-23,653115
206,2019-04-16,32,PM2.5,Portland,41-051-0080,AQS,3.0,31,0,.,32,20.0,45.5051,-122.675,Portland,2020-03-23,653115
207,2019-04-17,34,Ozone,Portland,41-051-0080,AQS,5.0,34,0,.,14,24.0,45.5051,-122.675,Portland,2020-03-23,653115
208,2019-04-18,32,NO2,Portland,41-051-0080,AQS,8.0,30,1,10,27,32.0,45.5051,-122.675,Portland,2020-03-23,653115
209,2019-04-19,32,Ozone,Portland,53-011-0011,AirNow,2.0,32,0,.,18,16.0,45.5051,-122.675,Portland,2020-03-23,653115
210,2019-04-20,38,Ozone,Portland,41-051-0080,AQS,2.0,38,0,.,18,12.0,45.5051,-122.675,Portland,2020-03-23,653115
211,2019-04-21,36,Ozone,Portland,53-011-0011,AirNow,3.0,36,0,10,28,19.0,45.5051,-122.675,Portland,2020-03-23,653115
212,2019-04-22,35,PM2.5,Portland,41-051-0080,AQS,6.0,31,1,.,35,24.0,45.5051,-122.675,Portland,2020-03-23,653115
213,2019-04-23,34,Ozone,Portland,41-051-0080,AQS,3.0,34,0,.,28,22.0,45.5051,-122.675,Portland,2020-03-23,653115
214,2019-04-24,41,Ozone,Portland,41-051-0080,AQS,3.0,41,0,12,28,28.0,45.5051,-122.675,Portland,2020-03-23,653115
215,2019-04-25,41,Ozone,Portland,41-051-0080,AQS,2.0,41,0,.,26,26.0,45.5051,-122.675,Portland,2020-03-23,653115
216,2019-04-26,46,Ozone,Portland,53-011-0011,AirNow,2.0,46,0,.,25,28.0,45.5051,-122.675,Portland,2020-03-23,653115
217,2019-04-27,36,Ozone,Portland,41-051-0080,AQS,2.0,36,.,11,18,14.0,45.5051,-122.675,Portland,2020-03-23,653115
218,2019-04-28,38,Ozone,Portland,53-011-0011,AirNow,5.0,38,0,.,21,19.0,45.5051,-122.675,Portland,2020-03-23,653115
219,2019-04-29,41,Ozone,Portland,41-051-0080,AQS,2.0,41,0,.,20,24.0,45.5051,-122.675,Portland,2020-03-23,653115
220,2019-04-30,44,Ozone,Portland,41-051-0080,AQS,2.0,44,0,8,21,27.0,45.5051,-122.675,Portland,2020-03-23,653115
221,2019-05-01,44,Ozone,Portland,41-005-0004,AQS,5.0,44,0,.,23,21.0,45.5051,-122.675,Portland,2020-03-23,653115
222,2019-05-02,44,Ozone,Portland,41-005-0004,AQS,2.0,44,0,.,27,16.0,45.5051,-122.675,Portland,2020-03-23,653115
223,2019-05-03,37,Ozone,Portland,41-005-0004,AQS,3.0,37,0,11,21,21.0,45.5051,-122.675,Portland,2020-03-23,653115
224,2019-05-04,42,Ozone,Portland,41-005-0004,AQS,2.0,42,0,.,24,11.0,45.5051,-122.675,Portland,2020-03-23,653115
225,2019-05-05,39,Ozone,Portland,41-005-0004,AQS,2.0,39,0,.,25,9.0,45.5051,-122.675,Portland,2020-03-23,653115
226,2019-05-06,44,Ozone,Portland,41-005-0004,AQS,2.0,44,0,14,30,18.0,45.5051,-122.675,Portland,2020-03-23,653115
227,2019-05-07,44,Ozone,Portland,41-005-0004,AQS,2.0,44,0,.,30,13.0,45.5051,-122.675,Portland,2020-03-23,653115
228,2019-05-08,38,Ozone,Portland,41-005-0004,AQS,2.0,38,0,.,34,15.0,45.5051,-122.675,Portland,2020-03-23,653115
229,2019-05-09,45,Ozone,Portland,41-005-0004,AQS,3.0,45,0,24,28,25.0,45.5051,-122.675,Portland,2020-03-23,653115
230,2019-05-10,84,Ozone,Portland,41-005-0004,AQS,7.0,84,1,.,38,40.0,45.5051,-122.675,Portland,2020-03-23,653115
231,2019-05-11,71,Ozone,Portland,53-011-0011,AQS,10.0,71,0,.,40,31.0,45.5051,-122.675,Portland,2020-03-23,653115
232,2019-05-12,37,Ozone,Portland,53-011-0011,AQS,2.0,37,0,8,24,9.0,45.5051,-122.675,Portland,2020-03-23,653115
233,2019-05-13,36,Ozone,Portland,41-009-0004,AQS,2.0,36,0,.,29,10.0,45.5051,-122.675,Portland,2020-03-23,653115
234,2019-05-14,25,Ozone,Portland,41-009-0004,AQS,2.0,25,.,.,22,11.0,45.5051,-122.675,Portland,2020-03-23,653115
235,2019-05-15,25,Ozone,Portland,53-011-0011,AQS,2.0,25,0,9,24,15.0,45.5051,-122.675,Portland,2020-03-23,653115
236,2019-05-16,31,Ozone,Portland,41-005-0004,AQS,3.0,31,0,.,25,16.0,45.5051,-122.675,Portland,2020-03-23,653115
237,2019-05-17,37,Ozone,Portland,41-005-0004,AQS,2.0,37,0,.,20,16.0,45.5051,-122.675,Portland,2020-03-23,653115
238,2019-05-18,35,Ozone,Portland,53-011-0011,AQS,2.0,35,0,6,19,12.0,45.5051,-122.675,Portland,2020-03-23,653115
239,2019-05-19,41,Ozone,Portland,41-005-0004,AQS,2.0,41,0,.,15,9.0,45.5051,-122.675,Portland,2020-03-23,653115
240,2019-05-20,37,Ozone,Portland,41-005-0004,AQS,2.0,37,0,.,22,16.0,45.5051,-122.675,Portland,2020-03-23,653115
241,2019-05-21,36,Ozone,Portland,41-005-0004,AQS,2.0,36,0,7,19,16.0,45.5051,-122.675,Portland,2020-03-23,653115
242,2019-05-22,36,Ozone,Portland,41-005-0004,AQS,3.0,36,0,.,25,13.0,45.5051,-122.675,Portland,2020-03-23,653115
243,2019-05-23,34,Ozone,Portland,41-005-0004,AQS,3.0,34,0,.,30,8.0,45.5051,-122.675,Portland,2020-03-23,653115
244,2019-05-24,36,Ozone,Portland,41-005-0004,AQS,3.0,36,0,10,26,8.0,45.5051,-122.675,Portland,2020-03-23,653115
245,2019-05-25,29,Ozone,Portland,41-005-0004,AQS,3.0,29,0,.,21,8.0,45.5051,-122.675,Portland,2020-03-23,653115
246,2019-05-26,33,Ozone,Portland,41-005-0004,AQS,3.0,33,0,.,21,12.0,45.5051,-122.675,Portland,2020-03-23,653115
247,2019-05-27,29,PM2.5,Portland,53-011-0024,AQS,3.0,27,0,9,29,6.0,45.5051,-122.675,Portland,2020-03-23,653115
248,2019-05-28,53,PM2.5,Portland,41-067-0005,AQS,3.0,30,0,.,53,15.0,45.5051,-122.675,Portland,2020-03-23,653115
249,2019-05-29,41,PM2.5,Portland,41-005-0004,AQS,2.0,39,0,.,41,7.0,45.5051,-122.675,Portland,2020-03-23,653115
250,2019-05-30,37,Ozone,Portland,41-005-0004,AQS,2.0,37,0,9,35,7.0,45.5051,-122.675,Portland,2020-03-23,653115
251,2019-05-31,37,Ozone,Portland,41-005-0004,AQS,3.0,37,0,.,33,10.0,45.5051,-122.675,Portland,2020-03-23,653115
252,2019-06-01,35,Ozone,Portland,41-005-0004,AQS,3.0,35,0,.,22,10.0,45.5051,-122.675,Portland,2020-03-23,653115
253,2019-06-02,40,Ozone,Portland,41-005-0004,AQS,2.0,40,0,11,26,12.0,45.5051,-122.675,Portland,2020-03-23,653115
254,2019-06-03,41,Ozone,Portland,41-005-0004,AQS,2.0,41,0,.,20,11.0,45.5051,-122.675,Portland,2020-03-23,653115
255,2019-06-04,43,Ozone,Portland,41-005-0004,AQS,3.0,43,0,.,20,19.0,45.5051,-122.675,Portland,2020-03-23,653115
256,2019-06-05,30,Ozone,Portland,41-005-0004,AQS,2.0,30,0,10,18,15.0,45.5051,-122.675,Portland,2020-03-23,653115
257,2019-06-06,31,Ozone,Portland,41-005-0004,AQS,3.0,31,0,.,16,24.0,45.5051,-122.675,Portland,2020-03-23,653115
258,2019-06-07,30,Ozone,Portland,41-005-0004,AQS,2.0,30,0,.,16,13.0,45.5051,-122.675,Portland,2020-03-23,653115
259,2019-06-08,33,Ozone,Portland,41-005-0004,AQS,2.0,33,0,7,19,9.0,45.5051,-122.675,Portland,2020-03-23,653115
260,2019-06-09,42,Ozone,Portland,41-005-0004,AQS,2.0,42,0,.,19,10.0,45.5051,-122.675,Portland,2020-03-23,653115
261,2019-06-10,37,Ozone,Portland,41-005-0004,AQS,2.0,37,0,.,18,19.0,45.5051,-122.675,Portland,2020-03-23,653115
262,2019-06-11,45,Ozone,Portland,41-009-0004,AQS,2.0,45,0,10,17,19.0,45.5051,-122.675,Portland,2020-03-23,653115
263,2019-06-12,90,Ozone,Portland,41-005-0004,AQS,3.0,90,0,.,31,30.0,45.5051,-122.675,Portland,2020-03-23,653115
264,2019-06-13,43,Ozone,Portland,41-005-0004,AQS,2.0,43,0,.,26,16.0,45.5051,-122.675,Portland,2020-03-23,653115
265,2019-06-14,31,Ozone,Portland,41-005-0004,AQS,1.0,31,0,8,16,16.0,45.5051,-122.675,Portland,2020-03-23,653115
266,2019-06-15,32,Ozone,Portland,41-005-0004,AQS,1.0,32,0,.,20,8.0,45.5051,-122.675,Portland,2020-03-23,653115
267,2019-06-16,35,Ozone,Portland,41-005-0004,AQS,1.0,35,0,.,18,7.0,45.5051,-122.675,Portland,2020-03-23,653115
268,2019-06-17,31,Ozone,Portland,41-005-0004,AQS,2.0,31,0,5,14,8.0,45.5051,-122.675,Portland,2020-03-23,653115
269,2019-06-18,31,Ozone,Portland,41-005-0004,AQS,3.0,31,0,.,16,13.0,45.5051,-122.675,Portland,2020-03-23,653115
270,2019-06-19,31,Ozone,Portland,41-005-0004,AQS,2.0,31,0,.,19,17.0,45.5051,-122.675,Portland,2020-03-23,653115
271,2019-06-20,26,Ozone,Portland,41-005-0004,AQS,2.0,26,0,11,19,19.0,45.5051,-122.675,Portland,2020-03-23,653115
272,2019-06-21,29,Ozone,Portland,41-005-0004,AQS,2.0,29,0,.,21,11.0,45.5051,-122.675,Portland,2020-03-23,653115
273,2019-06-22,28,Ozone,Portland,41-005-0004,AQS,2.0,28,0,.,18,13.0,45.5051,-122.675,Portland,2020-03-23,653115
274,2019-06-23,31,Ozone,Portland,41-005-0004,AQS,2.0,31,0,4,17,8.0,45.5051,-122.675,Portland,2020-03-23,653115
275,2019-06-24,36,Ozone,Portland,41-005-0004,AQS,2.0,36,0,.,22,20.0,45.5051,-122.675,Portland,2020-03-23,653115
276,2019-06-25,34,Ozone,Portland,41-005-0004,AQS,2.0,34,0,.,25,19.0,45.5051,-122.675,Portland,2020-03-23,653115
277,2019-06-26,34,Ozone,Portland,41-005-0004,AQS,2.0,34,0,9,19,15.0,45.5051,-122.675,Portland,2020-03-23,653115
278,2019-06-27,20,Ozone,Portland,41-005-0004,AQS,1.0,20,0,.,18,12.0,45.5051,-122.675,Portland,2020-03-23,653115
279,2019-06-28,34,Ozone,Portland,41-005-0004,AQS,3.0,34,0,.,21,12.0,45.5051,-122.675,Portland,2020-03-23,653115
280,2019-06-29,42,Ozone,Portland,41-005-0004,AQS,2.0,42,0,6,28,11.0,45.5051,-122.675,Portland,2020-03-23,653115
281,2019-06-30,44,Ozone,Portland,41-005-0004,AQS,2.0,44,0,.,26,13.0,45.5051,-122.675,Portland,2020-03-23,653115
282,2019-07-01,33,Ozone,Portland,41-005-0004,AQS,2.0,33,0,.,30,11.0,45.5051,-122.675,Portland,2020-03-23,653115
283,2019-07-02,27,Ozone,Portland,41-005-0004,AQS,2.0,27,0,8,20,13.0,45.5051,-122.675,Portland,2020-03-23,653115
284,2019-07-03,31,Ozone,Portland,41-005-0004,AQS,3.0,31,0,.,22,19.0,45.5051,-122.675,Portland,2020-03-23,653115
285,2019-07-04,42,Ozone,Portland,41-005-0004,AQS,2.0,42,0,.,37,12.0,45.5051,-122.675,Portland,2020-03-23,653115
286,2019-07-05,32,PM2.5,Portland,41-067-0005,AQS,2.0,31,0,7,32,11.0,45.5051,-122.675,Portland,2020-03-23,653115
287,2019-07-06,23,Ozone,Portland,41-005-0004,AQS,1.0,23,0,.,18,8.0,45.5051,-122.675,Portland,2020-03-23,653115
288,2019-07-07,30,Ozone,Portland,41-005-0004,AQS,1.0,30,.,.,23,9.0,45.5051,-122.675,Portland,2020-03-23,653115
289,2019-07-08,40,Ozone,Portland,41-005-0004,AQS,2.0,40,.,12,30,18.0,45.5051,-122.675,Portland,2020-03-23,653115
290,2019-07-09,36,PM2.5,Portland,41-067-0005,AQS,2.0,27,0,.,36,18.0,45.5051,-122.675,Portland,2020-03-23,653115
291,2019-07-10,20,PM2.5,Portland,41-009-0004,AQS,1.0,13,0,.,20,8.0,45.5051,-122.675,Portland,2020-03-23,653115
292,2019-07-11,31,Ozone,Portland,41-005-0004,AQS,1.0,31,0,6,18,15.0,45.5051,-122.675,Portland,2020-03-23,653115
293,2019-07-12,36,Ozone,Portland,41-005-0004,AQS,2.0,36,0,.,26,15.0,45.5051,-122.675,Portland,2020-03-23,653115
294,2019-07-13,31,Ozone,Portland,41-005-0004,AQS,1.0,31,0,.,18,8.0,45.5051,-122.675,Portland,2020-03-23,653115
295,2019-07-14,33,Ozone,Portland,41-005-0004,AQS,1.0,33,0,30,20,9.0,45.5051,-122.675,Portland,2020-03-23,653115
296,2019-07-15,23,Ozone,Portland,41-005-0004,AQS,1.0,23,0,.,18,12.0,45.5051,-122.675,Portland,2020-03-23,653115
297,2019-07-16,31,Ozone,Portland,53-011-0011,AQS,1.0,31,0,.,16,8.0,45.5051,-122.675,Portland,2020-03-23,653115
298,2019-07-17,21,Ozone,Portland,41-005-0004,AQS,1.0,21,0,5,15,12.0,45.5051,-122.675,Portland,2020-03-23,653115
299,2019-07-18,34,Ozone,Portland,41-005-0004,AQS,1.0,34,0,.,18,16.0,45.5051,-122.675,Portland,2020-03-23,653115
300,2019-07-19,33,Ozone,Portland,41-005-0004,AQS,1.0,33,0,.,21,14.0,45.5051,-122.675,Portland,2020-03-23,653115
301,2019-07-20,44,Ozone,Portland,41-005-0004,AQS,2.0,44,0,12,27,12.0,45.5051,-122.675,Portland,2020-03-23,653115
302,2019-07-21,61,Ozone,Portland,41-051-0080,AQS,2.0,61,0,.,28,14.0,45.5051,-122.675,Portland,2020-03-23,653115
303,2019-07-22,45,Ozone,Portland,41-005-0004,AQS,1.0,45,0,.,21,12.0,45.5051,-122.675,Portland,2020-03-23,653115
304,2019-07-23,25,Ozone,Portland,41-005-0004,AQS,1.0,25,0,7,17,11.0,45.5051,-122.675,Portland,2020-03-23,653115
305,2019-07-24,38,Ozone,Portland,41-005-0004,AQS,1.0,38,0,.,20,16.0,45.5051,-122.675,Portland,2020-03-23,653115
306,2019-07-25,50,Ozone,Portland,41-005-0004,AQS,2.0,50,0,.,23,13.0,45.5051,-122.675,Portland,2020-03-23,653115
307,2019-07-26,61,Ozone,Portland,41-005-0004,AQS,3.0,61,0,14,25,16.0,45.5051,-122.675,Portland,2020-03-23,653115
308,2019-07-27,31,Ozone,Portland,41-005-0004,AQS,2.0,31,0,.,16,8.0,45.5051,-122.675,Portland,2020-03-23,653115
309,2019-07-28,42,Ozone,Portland,41-005-0004,AQS,3.0,42,0,.,20,9.0,45.5051,-122.675,Portland,2020-03-23,653115
310,2019-07-29,39,Ozone,Portland,41-005-0004,AQS,3.0,39,0,10,23,10.0,45.5051,-122.675,Portland,2020-03-23,653115
311,2019-07-30,40,Ozone,Portland,41-005-0004,AQS,3.0,40,0,.,22,16.0,45.5051,-122.675,Portland,2020-03-23,653115
312,2019-07-31,45,Ozone,Portland,53-011-0011,AQS,2.0,45,0,.,23,15.0,45.5051,-122.675,Portland,2020-03-23,653115
313,2019-08-01,36,Ozone,Portland,41-009-0004,AQS,2.0,36,0,11,13,10.0,45.5051,-122.675,Portland,2020-03-23,653115
314,2019-08-02,19,Ozone,Portland,53-011-0011,AQS,1.0,19,0,.,17,11.0,45.5051,-122.675,Portland,2020-03-23,653115
315,2019-08-03,50,Ozone,Portland,41-005-0004,AQS,3.0,50,0,.,35,16.0,45.5051,-122.675,Portland,2020-03-23,653115
316,2019-08-04,67,Ozone,Portland,41-005-0004,AQS,3.0,67,0,13,47,17.0,45.5051,-122.675,Portland,2020-03-23,653115
317,2019-08-05,84,Ozone,Portland,41-005-0004,AQS,3.0,84,0,.,50,19.0,45.5051,-122.675,Portland,2020-03-23,653115
318,2019-08-06,52,PM2.5,Portland,41-051-0080,AQS,2.0,51,0,.,52,10.0,45.5051,-122.675,Portland,2020-03-23,653115
319,2019-08-07,48,PM2.5,Portland,41-051-0080,AQS,2.0,28,0,17,48,10.0,45.5051,-122.675,Portland,2020-03-23,653115
320,2019-08-08,26,Ozone,Portland,41-009-0004,AQS,2.0,26,0,.,23,17.0,45.5051,-122.675,Portland,2020-03-23,653115
321,2019-08-09,37,Ozone,Portland,41-005-0004,AQS,3.0,37,0,.,23,8.0,45.5051,-122.675,Portland,2020-03-23,653115
322,2019-08-10,43,PM2.5,Portland,41-051-0080,AQS,2.0,27,1,8,43,14.0,45.5051,-122.675,Portland,2020-03-23,653115
323,2019-08-11,34,Ozone,Portland,41-005-0004,AQS,2.0,34,0,7,23,9.0,45.5051,-122.675,Portland,2020-03-23,653115
324,2019-08-12,41,Ozone,Portland,41-005-0004,AQS,2.0,41,0,.,25,22.0,45.5051,-122.675,Portland,2020-03-23,653115
325,2019-08-13,49,Ozone,Portland,41-005-0004,AQS,5.0,49,1,15,28,15.0,45.5051,-122.675,Portland,2020-03-23,653115
326,2019-08-14,44,Ozone,Portland,41-005-0004,AQS,2.0,44,0,.,21,12.0,45.5051,-122.675,Portland,2020-03-23,653115
327,2019-08-15,33,Ozone,Portland,41-005-0004,AQS,2.0,33,0,.,21,11.0,45.5051,-122.675,Portland,2020-03-23,653115
328,2019-08-16,38,Ozone,Portland,41-005-0004,AQS,2.0,38,0,10,28,10.0,45.5051,-122.675,Portland,2020-03-23,653115
329,2019-08-17,28,Ozone,Portland,41-005-0004,AQS,2.0,28,0,.,21,10.0,45.5051,-122.675,Portland,2020-03-23,653115
330,2019-08-18,30,Ozone,Portland,41-005-0004,AQS,2.0,30,0,.,20,10.0,45.5051,-122.675,Portland,2020-03-23,653115
331,2019-08-19,36,Ozone,Portland,41-005-0004,AQS,2.0,36,0,9,19,10.0,45.5051,-122.675,Portland,2020-03-23,653115
332,2019-08-20,45,Ozone,Portland,41-005-0004,AQS,2.0,45,0,.,30,12.0,45.5051,-122.675,Portland,2020-03-23,653115
333,2019-08-21,35,PM2.5,Portland,41-067-0005,AQS,2.0,25,0,.,35,12.0,45.5051,-122.675,Portland,2020-03-23,653115
334,2019-08-22,34,Ozone,Portland,41-005-0004,AQS,1.0,34,0,15,30,15.0,45.5051,-122.675,Portland,2020-03-23,653115
335,2019-08-23,39,Ozone,Portland,41-005-0004,AQS,2.0,39,1,.,32,10.0,45.5051,-122.675,Portland,2020-03-23,653115
336,2019-08-24,37,Ozone,Portland,41-005-0004,AQS,2.0,37,0,.,23,9.0,45.5051,-122.675,Portland,2020-03-23,653115
337,2019-08-25,37,Ozone,Portland,41-005-0004,AQS,2.0,37,0,10,27,5.0,45.5051,-122.675,Portland,2020-03-23,653115
338,2019-08-26,44,Ozone,Portland,41-009-0004,AQS,3.0,44,0,.,43,9.0,45.5051,-122.675,Portland,2020-03-23,653115
339,2019-08-27,45,Ozone,Portland,53-011-0011,AQS,3.0,45,1,.,25,17.0,45.5051,-122.675,Portland,2020-03-23,653115
340,2019-08-28,101,Ozone,Portland,41-005-0004,AQS,2.0,101,1,19,42,28.0,45.5051,-122.675,Portland,2020-03-23,653115
341,2019-08-29,38,PM2.5,Portland,41-051-0080,AQS,1.0,35,0,.,38,18.0,45.5051,-122.675,Portland,2020-03-23,653115
342,2019-08-30,32,Ozone,Portland,41-005-0004,AQS,1.0,32,0,.,27,17.0,45.5051,-122.675,Portland,2020-03-23,653115
343,2019-08-31,36,Ozone,Portland,53-011-0011,AQS,2.0,36,0,14,28,11.0,45.5051,-122.675,Portland,2020-03-23,653115
344,2019-09-01,35,Ozone,Portland,53-011-0011,AQS,1.0,35,0,.,21,11.0,45.5051,-122.675,Portland,2020-03-23,653115
345,2019-09-02,36,Ozone,Portland,41-005-0004,AQS,2.0,36,0,.,28,14.0,45.5051,-122.675,Portland,2020-03-23,653115
346,2019-09-03,38,Ozone,Portland,41-005-0004,AQS,2.0,38,0,11,33,12.0,45.5051,-122.675,Portland,2020-03-23,653115
347,2019-09-04,33,Ozone,Portland,41-005-0004,AQS,0.0,33,0,.,24,19.0,45.5051,-122.675,Portland,2020-03-23,653115
348,2019-09-05,44,Ozone,Portland,41-005-0004,AQS,3.0,44,0,.,34,35.0,45.5051,-122.675,Portland,2020-03-23,653115
349,2019-09-06,39,Ozone,Portland,41-005-0004,AQS,3.0,39,0,19,28,14.0,45.5051,-122.675,Portland,2020-03-23,653115
350,2019-09-07,28,PM2.5,Portland,41-051-0080,AQS,1.0,19,0,.,28,13.0,45.5051,-122.675,Portland,2020-03-23,653115
351,2019-09-08,21,Ozone,Portland,41-005-0004,AQS,1.0,21,0,.,15,10.0,45.5051,-122.675,Portland,2020-03-23,653115
352,2019-09-09,27,Ozone,Portland,41-005-0004,AQS,0.0,27,0,5,18,19.0,45.5051,-122.675,Portland,2020-03-23,653115
353,2019-09-10,27,PM2.5,Portland,41-067-0005,AQS,1.0,25,0,.,27,19.0,45.5051,-122.675,Portland,2020-03-23,653115
354,2019-09-11,32,Ozone,Portland,41-005-0004,AQS,3.0,32,0,.,28,22.0,45.5051,-122.675,Portland,2020-03-23,653115
355,2019-09-12,34,PM2.5,Portland,41-051-0080,AQS,5.0,33,1,12,34,17.0,45.5051,-122.675,Portland,2020-03-23,653115
356,2019-09-13,31,Ozone,Portland,41-005-0004,AQS,0.0,31,0,.,19,14.0,45.5051,-122.675,Portland,2020-03-23,653115
357,2019-09-14,33,Ozone,Portland,41-005-0004,AQS,0.0,33,0,.,19,14.0,45.5051,-122.675,Portland,2020-03-23,653115
358,2019-09-15,30,Ozone,Portland,41-005-0004,AQS,0.0,30,0,5,18,11.0,45.5051,-122.675,Portland,2020-03-23,653115
359,2019-09-16,27,Ozone,Portland,41-005-0004,AQS,0.0,27,0,.,19,17.0,45.5051,-122.675,Portland,2020-03-23,653115
360,2019-09-17,25,Ozone,Portland,41-005-0004,AQS,0.0,25,0,.,18,9.0,45.5051,-122.675,Portland,2020-03-23,653115
361,2019-09-18,27,Ozone,Portland,41-005-0004,AQS,3.0,27,0,7,17,9.0,45.5051,-122.675,Portland,2020-03-23,653115
362,2019-09-19,29,PM2.5,Portland,41-067-0005,AQS,5.0,25,0,.,29,18.0,45.5051,-122.675,Portland,2020-03-23,653115
363,2019-09-20,26,PM2.5,Portland,41-067-0005,AQS,2.0,19,0,.,26,12.0,45.5051,-122.675,Portland,2020-03-23,653115
364,2019-09-21,36,PM2.5,Portland,41-051-0080,AQS,5.0,27,0,11,36,11.0,45.5051,-122.675,Portland,2020-03-23,653115
365,2019-09-22,40,PM2.5,Portland,41-051-0080,AQS,6.0,19,0,.,40,12.0,45.5051,-122.675,Portland,2020-03-23,653115
366,2019-09-23,33,Ozone,Portland,41-005-0004,AQS,2.0,33,0,.,25,13.0,45.5051,-122.675,Portland,2020-03-23,653115
367,2019-09-24,29,Ozone,Portland,41-005-0004,AQS,2.0,29,0,13,27,16.0,45.5051,-122.675,Portland,2020-03-23,653115
368,2019-09-25,47,PM2.5,Portland,53-011-0022,AQS,5.0,31,0,.,47,21.0,45.5051,-122.675,Portland,2020-03-23,653115
369,2019-09-26,38,PM2.5,Portland,41-067-0005,AQS,5.0,21,0,.,38,16.0,45.5051,-122.675,Portland,2020-03-23,653115
370,2019-09-27,31,Ozone,Portland,41-005-0004,AQS,3.0,31,0,9,30,18.0,45.5051,-122.675,Portland,2020-03-23,653115
371,2019-09-28,34,PM2.5,Portland,53-011-0024,AQS,3.0,31,0,.,34,16.0,45.5051,-122.675,Portland,2020-03-23,653115
372,2019-09-29,20,Ozone,Portland,53-011-0011,AQS,3.0,20,0,.,17,10.0,45.5051,-122.675,Portland,2020-03-23,653115
373,2019-09-30,24,PM2.5,Portland,53-011-0022,AQS,2.0,22,0,6,24,14.0,45.5051,-122.675,Portland,2020-03-23,653115
374,2019-10-01,29,PM2.5,Portland,53-011-0022,AirNow,5.0,27,0,7,29,23.0,45.5051,-122.675,Portland,2020-03-23,653115
375,2019-10-02,38,PM2.5,Portland,41-067-0005,AQS,6.0,23,0,.,38,16.0,45.5051,-122.675,Portland,2020-03-23,653115
376,2019-10-03,23,PM2.5,Portland,41-067-0004,AQS,2.0,23,0,6,23,15.0,45.5051,-122.675,Portland,2020-03-23,653115
377,2019-10-04,27,PM2.5,Portland,41-067-0004,AQS,2.0,23,0,.,27,14.0,45.5051,-122.675,Portland,2020-03-23,653115
378,2019-10-05,45,PM2.5,Portland,41-051-0080,AQS,6.0,24,0,.,45,21.0,45.5051,-122.675,Portland,2020-03-23,653115
379,2019-10-06,47,PM2.5,Portland,53-011-0024,AQS,7.0,21,0,13,47,14.0,45.5051,-122.675,Portland,2020-03-23,653115
380,2019-10-07,41,PM2.5,Portland,41-067-0005,AQS,7.0,26,1,.,41,14.0,45.5051,-122.675,Portland,2020-03-23,653115
381,2019-10-08,26,Ozone,Portland,41-051-0080,AQS,3.0,26,0,.,20,23.0,45.5051,-122.675,Portland,2020-03-23,653115
382,2019-10-09,36,PM2.5,Portland,41-067-0005,AQS,6.0,20,1,9,36,19.0,45.5051,-122.675,Portland,2020-03-23,653115
383,2019-10-10,36,PM2.5,Portland,53-011-0022,AirNow,5.0,30,0,.,36,18.0,45.5051,-122.675,Portland,2020-03-23,653115
384,2019-10-11,33,PM2.5,Portland,53-011-0024,AQS,1.0,31,0,.,33,25.0,45.5051,-122.675,Portland,2020-03-23,653115
385,2019-10-12,56,PM2.5,Portland,53-011-0024,AQS,2.0,30,0,21,56,20.0,45.5051,-122.675,Portland,2020-03-23,653115
386,2019-10-13,66,PM2.5,Portland,53-011-0022,AirNow,2.0,25,0,.,66,21.0,45.5051,-122.675,Portland,2020-03-23,653115
387,2019-10-14,71,PM2.5,Portland,53-011-0022,AirNow,7.0,24,1,.,71,26.0,45.5051,-122.675,Portland,2020-03-23,653115
388,2019-10-15,66,PM2.5,Portland,53-011-0022,AirNow,9.0,19,1,22,66,21.0,45.5051,-122.675,Portland,2020-03-23,653115
389,2019-10-16,50,PM2.5,Portland,41-067-0005,AQS,6.0,22,0,.,50,23.0,45.5051,-122.675,Portland,2020-03-23,653115
390,2019-10-17,27,PM2.5,Portland,41-067-0005,AQS,1.0,26,0,.,27,16.0,45.5051,-122.675,Portland,2020-03-23,653115
391,2019-10-18,33,PM2.5,Portland,41-067-0005,AQS,1.0,25,0,12,33,20.0,45.5051,-122.675,Portland,2020-03-23,653115
392,2019-10-19,29,Ozone,Portland,41-051-0080,AQS,1.0,29,0,.,19,18.0,45.5051,-122.675,Portland,2020-03-23,653115
393,2019-10-20,23,PM2.5,Portland,53-011-0022,AirNow,2.0,23,0,.,23,13.0,45.5051,-122.675,Portland,2020-03-23,653115
394,2019-10-21,23,PM2.5,Portland,41-067-0004,AQS,1.0,23,0,8,23,18.0,45.5051,-122.675,Portland,2020-03-23,653115
395,2019-10-22,27,PM2.5,Portland,41-067-0005,AQS,2.0,21,0,.,27,19.0,45.5051,-122.675,Portland,2020-03-23,653115
396,2019-10-23,46,PM2.5,Portland,41-067-0005,AQS,3.0,10,.,.,46,21.0,45.5051,-122.675,Portland,2020-03-23,653115
397,2019-10-24,59,PM2.5,Portland,41-067-0004,AQS,9.0,17,1,20,59,23.0,45.5051,-122.675,Portland,2020-03-23,653115
398,2019-10-25,52,PM2.5,Portland,41-051-0080,AQS,11.0,16,1,.,52,19.0,45.5051,-122.675,Portland,2020-03-23,653115
399,2019-10-26,42,PM2.5,Portland,41-051-0080,AQS,6.0,25,0,.,42,18.0,45.5051,-122.675,Portland,2020-03-23,653115
400,2019-10-27,53,PM2.5,Portland,53-011-0024,AQS,8.0,23,1,13,53,23.0,45.5051,-122.675,Portland,2020-03-23,653115
401,2019-10-28,56,PM2.5,Portland,53-011-0024,AQS,7.0,26,3,.,56,22.0,45.5051,-122.675,Portland,2020-03-23,653115
402,2019-10-29,28,Ozone,Portland,41-051-0080,AQS,7.0,28,0,.,13,5.0,45.5051,-122.675,Portland,2020-03-23,653115
403,2019-10-30,48,PM2.5,Portland,53-011-0024,AQS,1.0,27,0,13,48,6.0,45.5051,-122.675,Portland,2020-03-23,653115
404,2019-10-31,70,PM2.5,Portland,53-011-0024,AQS,6.0,16,1,.,70,31.0,45.5051,-122.675,Portland,2020-03-23,653115
405,2019-11-01,70,PM2.5,Portland,53-011-0024,AQS,6.0,31,1,.,70,27.0,45.5051,-122.675,Portland,2020-03-23,653115
406,2019-11-02,75,PM2.5,Portland,41-067-0004,AQS,6.0,19,1,29,75,24.0,45.5051,-122.675,Portland,2020-03-23,653115
407,2019-11-03,86,PM2.5,Portland,41-067-0004,AQS,13.0,14,3,.,86,21.0,45.5051,-122.675,Portland,2020-03-23,653115
408,2019-11-04,85,PM2.5,Portland,41-051-0080,AQS,16.0,4,3,.,85,24.0,45.5051,-122.675,Portland,2020-03-23,653115
409,2019-11-05,76,PM2.5,Portland,41-067-0005,AQS,16.0,2,3,25,76,18.0,45.5051,-122.675,Portland,2020-03-23,653115
410,2019-11-06,47,PM2.5,Portland,41-051-2011,AQS,3.0,26,0,.,47,17.0,45.5051,-122.675,Portland,2020-03-23,653115
411,2019-11-07,62,PM2.5,Portland,53-011-0024,AQS,5.0,26,1,.,62,30.0,45.5051,-122.675,Portland,2020-03-23,653115
412,2019-11-08,69,PM2.5,Portland,41-067-0005,AQS,10.0,12,1,24,69,23.0,45.5051,-122.675,Portland,2020-03-23,653115
413,2019-11-09,75,PM2.5,Portland,41-067-0005,AQS,13.0,10,1,.,75,19.0,45.5051,-122.675,Portland,2020-03-23,653115
414,2019-11-10,58,PM2.5,Portland,41-051-0080,AQS,3.0,21,0,.,58,12.0,45.5051,-122.675,Portland,2020-03-23,653115
415,2019-11-11,39,PM2.5,Portland,41-051-2011,AQS,2.0,22,0,12,39,14.0,45.5051,-122.675,Portland,2020-03-23,653115
416,2019-11-12,62,PM2.5,Portland,41-067-0005,AQS,5.0,9,1,.,62,19.0,45.5051,-122.675,Portland,2020-03-23,653115
417,2019-11-13,40,PM2.5,Portland,41-051-0080,AQS,5.0,18,0,.,40,15.0,45.5051,-122.675,Portland,2020-03-23,653115
418,2019-11-14,49,PM2.5,Portland,41-067-0005,AQS,2.0,17,0,6,49,19.0,45.5051,-122.675,Portland,2020-03-23,653115
419,2019-11-15,60,PM2.5,Portland,41-067-0004,AQS,5.0,12,0,.,60,19.0,45.5051,-122.675,Portland,2020-03-23,653115
420,2019-11-16,64,PM2.5,Portland,41-051-0080,AQS,8.0,7,1,.,64,11.0,45.5051,-122.675,Portland,2020-03-23,653115
421,2019-11-17,59,PM2.5,Portland,41-067-0004,AQS,3.0,8,0,16,59,14.0,45.5051,-122.675,Portland,2020-03-23,653115
422,2019-11-18,40,PM2.5,Portland,41-067-0005,AQS,2.0,25,0,.,40,14.0,45.5051,-122.675,Portland,2020-03-23,653115
423,2019-11-19,26,NO2,Portland,41-067-0005,AQS,2.0,17,0,.,19,26.0,45.5051,-122.675,Portland,2020-03-23,653115
424,2019-11-20,32,PM2.5,Portland,41-067-0005,AQS,1.0,23,0,7,32,28.0,45.5051,-122.675,Portland,2020-03-23,653115
425,2019-11-21,48,PM2.5,Portland,53-011-0022,AQS,2.0,24,1,.,48,30.0,45.5051,-122.675,Portland,2020-03-23,653115
426,2019-11-22,78,PM2.5,Portland,53-011-0024,AQS,13.0,6,4,.,78,24.0,45.5051,-122.675,Portland,2020-03-23,653115
427,2019-11-23,93,PM2.5,Portland,41-067-0005,AQS,14.0,4,3,34,93,19.0,45.5051,-122.675,Portland,2020-03-23,653115
428,2019-11-24,77,PM2.5,Portland,41-067-0004,AQS,9.0,11,0,.,77,16.0,45.5051,-122.675,Portland,2020-03-23,653115
429,2019-11-25,51,PM2.5,Portland,41-067-0004,AQS,5.0,27,0,.,51,25.0,45.5051,-122.675,Portland,2020-03-23,653115
430,2019-11-26,28,Ozone,Portland,41-051-0080,AirNow,5.0,28,0,6,24,10.0,45.5051,-122.675,Portland,2020-03-23,653115
431,2019-11-27,27,Ozone,Portland,41-051-0080,AirNow,2.0,27,0,.,19,6.0,45.5051,-122.675,Portland,2020-03-23,653115
432,2019-11-28,25,Ozone,Portland,41-051-0080,AirNow,2.0,25,0,.,18,7.0,45.5051,-122.675,Portland,2020-03-23,653115
433,2019-11-29,55,PM2.5,Portland,41-067-0004,AQS,7.0,21,0,14,55,24.0,45.5051,-122.675,Portland,2020-03-23,653115
434,2019-11-30,66,PM2.5,Portland,53-011-0024,AQS,9.0,26,0,.,66,20.0,45.5051,-122.675,Portland,2020-03-23,653115
435,2019-12-01,38,PM2.5,Portland,53-011-0024,AQS,2.0,23,0,.,38,7.0,45.5051,-122.675,Portland,2020-03-23,653115
436,2019-12-02,71,PM2.5,Portland,53-011-0024,AQS,7.0,17,0,13,71,26.0,45.5051,-122.675,Portland,2020-03-23,653115
437,2019-12-03,88,PM2.5,Portland,53-011-0024,AQS,11.0,1,3,.,88,25.0,45.5051,-122.675,Portland,2020-03-23,653115
438,2019-12-04,96,PM2.5,Portland,53-011-0024,AQS,11.0,4,1,.,96,22.0,45.5051,-122.675,Portland,2020-03-23,653115
439,2019-12-05,102,PM2.5,Portland,41-067-0004,AQS,13.0,14,4,32,102,20.0,45.5051,-122.675,Portland,2020-03-23,653115
440,2019-12-06,79,PM2.5,Portland,53-011-0024,AQS,3.0,13,1,.,79,17.0,45.5051,-122.675,Portland,2020-03-23,653115
441,2019-12-07,48,PM2.5,Portland,41-067-0004,AQS,3.0,10,0,.,48,14.0,45.5051,-122.675,Portland,2020-03-23,653115
442,2019-12-08,67,PM2.5,Portland,41-051-0080,AQS,6.0,7,1,20,67,17.0,45.5051,-122.675,Portland,2020-03-23,653115
443,2019-12-09,51,PM2.5,Portland,41-067-0004,AQS,6.0,8,0,.,51,13.0,45.5051,-122.675,Portland,2020-03-23,653115
444,2019-12-10,49,PM2.5,Portland,41-067-0005,AQS,3.0,6,1,.,49,16.0,45.5051,-122.675,Portland,2020-03-23,653115
445,2019-12-11,47,PM2.5,Portland,41-067-0004,AQS,3.0,17,0,10,47,22.0,45.5051,-122.675,Portland,2020-03-23,653115
446,2019-12-12,46,PM2.5,Portland,41-067-0004,AQS,3.0,28,0,.,46,31.0,45.5051,-122.675,Portland,2020-03-23,653115
447,2019-12-13,52,PM2.5,Portland,41-067-0004,AQS,6.0,16,1,.,52,29.0,45.5051,-122.675,Portland,2020-03-23,653115
448,2019-12-14,54,PM2.5,Portland,41-067-0005,AQS,5.0,19,1,13,54,24.0,45.5051,-122.675,Portland,2020-03-23,653115
449,2019-12-15,68,PM2.5,Portland,41-051-0080,AQS,8.0,12,1,.,68,22.0,45.5051,-122.675,Portland,2020-03-23,653115
450,2019-12-16,59,PM2.5,Portland,53-011-0022,AQS,9.0,18,1,.,59,25.0,45.5051,-122.675,Portland,2020-03-23,653115
451,2019-12-17,69,PM2.5,Portland,53-011-0024,AQS,8.0,18,0,21,69,20.0,45.5051,-122.675,Portland,2020-03-23,653115
452,2019-12-18,64,PM2.5,Portland,53-011-0024,AQS,6.0,17,0,.,64,20.0,45.5051,-122.675,Portland,2020-03-23,653115
453,2019-12-19,35,Ozone,Portland,41-051-0080,AQS,3.0,35,0,.,34,23.0,45.5051,-122.675,Portland,2020-03-23,653115
454,2019-12-20,34,Ozone,Portland,41-051-0080,AQS,3.0,34,0,5,19,25.0,45.5051,-122.675,Portland,2020-03-23,653115
455,2019-12-21,33,PM2.5,Portland,41-067-0004,AQS,3.0,27,0,.,33,21.0,45.5051,-122.675,Portland,2020-03-23,653115
456,2019-12-22,49,PM2.5,Portland,41-051-0080,AQS,5.0,19,0,.,49,20.0,45.5051,-122.675,Portland,2020-03-23,653115
457,2019-12-23,32,PM2.5,Portland,41-051-0080,AQS,8.0,21,1,11,32,23.0,45.5051,-122.675,Portland,2020-03-23,653115
458,2019-12-24,54,PM2.5,Portland,41-067-0005,AQS,8.0,10,0,.,54,16.0,45.5051,-122.675,Portland,2020-03-23,653115
459,2019-12-25,57,PM2.5,Portland,53-011-0024,AQS,6.0,21,0,.,57,16.0,45.5051,-122.675,Portland,2020-03-23,653115
460,2019-12-26,55,PM2.5,Portland,53-011-0024,AQS,3.0,19,0,.,55,25.0,45.5051,-122.675,Portland,2020-03-23,653115
461,2019-12-27,48,PM2.5,Portland,41-067-0005,AQS,5.0,11,0,.,48,19.0,45.5051,-122.675,Portland,2020-03-23,653115
462,2019-12-28,63,PM2.5,Portland,41-067-0005,AQS,7.0,16,1,.,63,15.0,45.5051,-122.675,Portland,2020-03-23,653115
463,2019-12-29,49,PM2.5,Portland,41-067-0004,AQS,3.0,18,0,9,49,12.0,45.5051,-122.675,Portland,2020-03-23,653115
464,2019-12-30,55,PM2.5,Portland,53-011-0024,AQS,6.0,15,0,.,55,18.0,45.5051,-122.675,Portland,2020-03-23,653115
465,2019-12-31,33,PM2.5,Portland,41-067-0004,AQS,7.0,25,0,.,33,12.0,45.5051,-122.675,Portland,2020-03-23,653115
