,date,overall_aqi_value,main_pollutant,site_name,site_id,source_aqi,co,ozone,so2,pm10,pm25,no2,state_ordinance,population,lat,lon,city_name
0,2020-01-01,84,PM2.5,Chalmette Vista,22-087-0007,AQS,6,34,37,49,84,36,2020-03-23,391006,29.9511,-90.0715,New_Orleans
1,2020-01-02,51,PM2.5,Chalmette Vista,22-087-0007,AQS,5,31,50,19,51,13,2020-03-23,391006,29.9511,-90.0715,New_Orleans
2,2020-01-03,36,SO2,Norco,22-089-0006,AQS,6,35,36,4,10,20,2020-03-23,391006,29.9511,-90.0715,New_Orleans
3,2020-01-04,34,Ozone,Kenner,22-051-1001,AQS,6,34,3,12,24,25,2020-03-23,391006,29.9511,-90.0715,New_Orleans
4,2020-01-05,34,Ozone,Convent,22-093-0002,AQS,10,34,27,10,30,24,2020-03-23,391006,29.9511,-90.0715,New_Orleans
5,2020-01-06,43,Ozone,Meraux,22-087-0004,AQS,10,43,21,13,31,33,2020-03-23,391006,29.9511,-90.0715,New_Orleans
6,2020-01-07,37,Ozone,Kenner,22-051-1001,AQS,7,37,4,9,24,19,2020-03-23,391006,29.9511,-90.0715,New_Orleans
7,2020-01-08,41,PM2.5,Chalmette Vista,22-087-0007,AQS,8,38,29,13,41,22,2020-03-23,391006,29.9511,-90.0715,New_Orleans
8,2020-01-09,48,PM2.5,Chalmette Vista,22-087-0007,AQS,8,40,3,23,48,24,2020-03-23,391006,29.9511,-90.0715,New_Orleans
9,2020-01-10,45,PM2.5,Chalmette Vista,22-087-0007,AQS,8,40,13,18,45,22,2020-03-23,391006,29.9511,-90.0715,New_Orleans
10,2020-01-11,31,Ozone,Kenner,22-051-1001,AQS,5,31,7,12,28,29,2020-03-23,391006,29.9511,-90.0715,New_Orleans
11,2020-01-12,30,PM2.5,Chalmette Vista,22-087-0007,AQS,5,22,9,9,30,9,2020-03-23,391006,29.9511,-90.0715,New_Orleans
12,2020-01-13,49,PM2.5,Chalmette Vista,22-087-0007,AQS,6,13,21,19,49,15,2020-03-23,391006,29.9511,-90.0715,New_Orleans
13,2020-01-14,32,PM2.5,Chalmette Vista,22-087-0007,AQS,6,20,3,10,32,20,2020-03-23,391006,29.9511,-90.0715,New_Orleans
14,2020-01-15,56,PM2.5,Kenner,22-051-1001,AirNow,6,26,7,10,56,23,2020-03-23,391006,29.9511,-90.0715,New_Orleans
15,2020-01-16,46,PM2.5,Kenner,22-051-1001,AirNow,6,27,27,9,46,15,2020-03-23,391006,29.9511,-90.0715,New_Orleans
16,2020-01-17,38,PM2.5,Chalmette Vista,22-087-0007,AQS,3,34,31,18,38,21,2020-03-23,391006,29.9511,-90.0715,New_Orleans
17,2020-01-18,41,PM2.5,Chalmette Vista,22-087-0007,AQS,5,34,4,27,41,24,2020-03-23,391006,29.9511,-90.0715,New_Orleans
18,2020-01-19,36,Ozone,Kenner,22-051-1001,AQS,5,36,1,5,10,1,2020-03-23,391006,29.9511,-90.0715,New_Orleans
19,2020-01-20,34,Ozone,Kenner,22-051-1001,AQS,2,34,1,6,29,2,2020-03-23,391006,29.9511,-90.0715,New_Orleans
20,2020-01-21,35,Ozone,Convent,22-093-0002,AQS,3,35,17,9,30,6,2020-03-23,391006,29.9511,-90.0715,New_Orleans
21,2020-01-22,47,PM2.5,Chalmette Vista,22-087-0007,AQS,3,36,27,14,47,14,2020-03-23,391006,29.9511,-90.0715,New_Orleans
22,2020-01-23,52,PM2.5,Chalmette Vista,22-087-0007,AQS,3,33,41,10,52,32,2020-03-23,391006,29.9511,-90.0715,New_Orleans
23,2020-01-24,36,Ozone,Meraux,22-087-0004,AQS,3,36,7,10,21,34,2020-03-23,391006,29.9511,-90.0715,New_Orleans
24,2020-01-25,37,PM2.5,Chalmette Vista,22-087-0007,AQS,6,36,4,11,37,26,2020-03-23,391006,29.9511,-90.0715,New_Orleans
25,2020-01-26,36,Ozone,Meraux,22-087-0004,AQS,3,36,3,6,33,25,2020-03-23,391006,29.9511,-90.0715,New_Orleans
26,2020-01-27,32,Ozone,Garyville,22-095-0002,AQS,6,32,3,6,18,28,2020-03-23,391006,29.9511,-90.0715,New_Orleans
27,2020-01-28,39,PM2.5,Chalmette Vista,22-087-0007,AQS,8,35,23,10,39,22,2020-03-23,391006,29.9511,-90.0715,New_Orleans
28,2020-01-29,33,Ozone,Kenner,22-051-1001,AQS,3,33,9,6,16,26,2020-03-23,391006,29.9511,-90.0715,New_Orleans
29,2020-01-30,41,SO2,Norco,22-089-0006,AQS,5,39,41,8,33,11,2020-03-23,391006,29.9511,-90.0715,New_Orleans
30,2020-01-31,32,Ozone,Kenner,22-051-1001,AQS,3,32,1,7,28,5,2020-03-23,391006,29.9511,-90.0715,New_Orleans
31,2020-02-01,40,PM2.5,Chalmette Vista,22-087-0007,AQS,6,35,3,10,40,34,2020-03-23,391006,29.9511,-90.0715,New_Orleans
32,2020-02-02,52,PM2.5,Chalmette Vista,22-087-0007,AQS,8,48,3,14,52,34,2020-03-23,391006,29.9511,-90.0715,New_Orleans
33,2020-02-03,45,PM2.5,Chalmette Vista,22-087-0007,AQS,7,45,3,16,45,35,2020-03-23,391006,29.9511,-90.0715,New_Orleans
34,2020-02-04,41,PM2.5,Chalmette Vista,22-087-0007,AQS,6,33,1,18,41,21,2020-03-23,391006,29.9511,-90.0715,New_Orleans
35,2020-02-05,42,PM2.5,Chalmette Vista,22-087-0007,AQS,7,26,3,16,42,21,2020-03-23,391006,29.9511,-90.0715,New_Orleans
36,2020-02-06,27,Ozone,Madisonville,22-103-0002,AQS,7,27,3,8,12,14,2020-03-23,391006,29.9511,-90.0715,New_Orleans
37,2020-02-07,45,PM2.5,Chalmette Vista,22-087-0007,AQS,9,39,3,14,45,31,2020-03-23,391006,29.9511,-90.0715,New_Orleans
38,2020-02-08,37,PM2.5,Chalmette Vista,22-087-0007,AQS,7,35,7,15,37,28,2020-03-23,391006,29.9511,-90.0715,New_Orleans
39,2020-02-09,41,Ozone,Madisonville,22-103-0002,AQS,7,41,37,17,36,29,2020-03-23,391006,29.9511,-90.0715,New_Orleans
40,2020-02-10,48,PM2.5,Chalmette Vista,22-087-0007,AQS,7,36,4,23,48,16,2020-03-23,391006,29.9511,-90.0715,New_Orleans
41,2020-02-11,37,PM2.5,Chalmette Vista,22-087-0007,AQS,5,28,1,16,37,16,2020-03-23,391006,29.9511,-90.0715,New_Orleans
42,2020-02-12,34,PM2.5,Chalmette Vista,22-087-0007,AQS,3,26,1,14,34,23,2020-03-23,391006,29.9511,-90.0715,New_Orleans
43,2020-02-13,26,Ozone,Meraux,22-087-0004,AQS,5,26,1,4,9,6,2020-03-23,391006,29.9511,-90.0715,New_Orleans
44,2020-02-14,69,SO2,Norco,22-089-0006,AQS,5,34,69,8,25,3,2020-03-23,391006,29.9511,-90.0715,New_Orleans
45,2020-02-15,75,SO2,Norco,22-089-0006,AQS,6,42,75,12,35,25,2020-03-23,391006,29.9511,-90.0715,New_Orleans
46,2020-02-16,37,Ozone,Madisonville,22-103-0002,AQS,5,37,33,6,22,15,2020-03-23,391006,29.9511,-90.0715,New_Orleans
47,2020-02-17,43,PM2.5,Chalmette Vista,22-087-0007,AQS,6,31,4,12,43,15,2020-03-23,391006,29.9511,-90.0715,New_Orleans
48,2020-02-18,40,PM2.5,Chalmette Vista,22-087-0007,AQS,7,20,31,15,40,19,2020-03-23,391006,29.9511,-90.0715,New_Orleans
49,2020-02-19,29,Ozone,Meraux,22-087-0004,AQS,7,29,9,7,12,13,2020-03-23,391006,29.9511,-90.0715,New_Orleans
50,2020-02-20,31,Ozone,Kenner,22-051-1001,AQS,6,31,27,4,11,11,2020-03-23,391006,29.9511,-90.0715,New_Orleans
51,2020-02-21,39,PM2.5,Chalmette Vista,22-087-0007,AQS,7,37,1,10,39,3,2020-03-23,391006,29.9511,-90.0715,New_Orleans
52,2020-02-22,41,Ozone,Madisonville,22-103-0002,AQS,5,41,39,12,40,24,2020-03-23,391006,29.9511,-90.0715,New_Orleans
53,2020-02-23,45,Ozone,Madisonville,22-103-0002,AQS,6,45,1,11,42,33,2020-03-23,391006,29.9511,-90.0715,New_Orleans
54,2020-02-24,52,PM2.5,Chalmette Vista,22-087-0007,AirNow,3,37,7,17,52,28,2020-03-23,391006,29.9511,-90.0715,New_Orleans
55,2020-02-25,31,Ozone,Garyville,22-095-0002,AQS,2,31,1,12,27,26,2020-03-23,391006,29.9511,-90.0715,New_Orleans
56,2020-02-26,34,Ozone,Meraux,22-087-0004,AQS,2,34,1,10,31,8,2020-03-23,391006,29.9511,-90.0715,New_Orleans
57,2020-02-27,39,Ozone,Kenner,22-051-1001,AQS,3,39,4,10,37,20,2020-03-23,391006,29.9511,-90.0715,New_Orleans
58,2020-02-28,56,PM2.5,Chalmette Vista,22-087-0007,AirNow,6,51,6,22,56,41,2020-03-23,391006,29.9511,-90.0715,New_Orleans
59,2020-02-29,55,PM2.5,Chalmette Vista,22-087-0007,AirNow,7,51,13,20,55,46,2020-03-23,391006,29.9511,-90.0715,New_Orleans
60,2020-03-01,54,PM2.5,Chalmette Vista,22-087-0007,AirNow,3,47,.,.,54,.,2020-03-23,391006,29.9511,-90.0715,New_Orleans
61,2020-03-02,54,PM2.5,Chalmette Vista,22-087-0007,AirNow,.,42,.,.,54,.,2020-03-23,391006,29.9511,-90.0715,New_Orleans
62,2020-03-03,51,PM2.5,Chalmette Vista,22-087-0007,AirNow,.,39,.,.,51,.,2020-03-23,391006,29.9511,-90.0715,New_Orleans
63,2020-03-04,36,Ozone,Kenner,22-051-1001,AirNow,.,36,.,.,33,.,2020-03-23,391006,29.9511,-90.0715,New_Orleans
64,2020-03-05,39,Ozone,Kenner,22-051-1001,AirNow,.,39,.,.,13,.,2020-03-23,391006,29.9511,-90.0715,New_Orleans
65,2020-03-06,41,Ozone,Kenner,22-051-1001,AirNow,.,41,.,.,30,.,2020-03-23,391006,29.9511,-90.0715,New_Orleans
66,2020-03-07,42,Ozone,Kenner,22-051-1001,AirNow,.,42,.,.,34,.,2020-03-23,391006,29.9511,-90.0715,New_Orleans
67,2020-03-08,63,PM2.5,Chalmette Vista,22-087-0007,AirNow,.,44,.,.,63,.,2020-03-23,391006,29.9511,-90.0715,New_Orleans
68,2020-03-09,43,PM2.5,Chalmette Vista,22-087-0007,AirNow,.,42,.,.,43,.,2020-03-23,391006,29.9511,-90.0715,New_Orleans
69,2020-03-10,39,PM2.5,Chalmette Vista,22-087-0007,AirNow,.,32,.,.,39,.,2020-03-23,391006,29.9511,-90.0715,New_Orleans
70,2020-03-11,41,Ozone,Madisonville,22-103-0002,AirNow,.,41,.,.,36,.,2020-03-23,391006,29.9511,-90.0715,New_Orleans
71,2020-03-12,46,PM2.5,Chalmette Vista,22-087-0007,AirNow,.,41,.,.,46,.,2020-03-23,391006,29.9511,-90.0715,New_Orleans
72,2020-03-13,36,Ozone,Madisonville,22-103-0002,AirNow,.,36,.,.,20,.,2020-03-23,391006,29.9511,-90.0715,New_Orleans
73,2020-03-14,44,Ozone,Madisonville,22-103-0002,AirNow,.,44,.,.,28,.,2020-03-23,391006,29.9511,-90.0715,New_Orleans
74,2020-03-15,45,Ozone,Convent,22-093-0002,AirNow,.,45,.,.,30,.,2020-03-23,391006,29.9511,-90.0715,New_Orleans
75,2020-03-16,37,Ozone,Madisonville,22-103-0002,AirNow,.,37,.,.,29,.,2020-03-23,391006,29.9511,-90.0715,New_Orleans
76,2020-03-17,33,PM2.5,Chalmette Vista,22-087-0007,AirNow,.,32,.,.,33,.,2020-03-23,391006,29.9511,-90.0715,New_Orleans
77,2020-03-18,28,PM2.5,Chalmette Vista,22-087-0007,AirNow,.,26,.,.,28,.,2020-03-23,391006,29.9511,-90.0715,New_Orleans
78,2020-03-19,34,PM2.5,Chalmette Vista,22-087-0007,AirNow,.,30,.,.,34,.,2020-03-23,391006,29.9511,-90.0715,New_Orleans
79,2020-03-20,33,Ozone,Madisonville,22-103-0002,AirNow,.,33,.,.,30,.,2020-03-23,391006,29.9511,-90.0715,New_Orleans
80,2020-03-21,31,Ozone,Meraux,22-087-0004,AirNow,.,31,.,.,15,.,2020-03-23,391006,29.9511,-90.0715,New_Orleans
81,2020-03-22,32,PM2.5,Chalmette Vista,22-087-0007,AirNow,.,29,.,.,32,.,2020-03-23,391006,29.9511,-90.0715,New_Orleans
82,2020-03-23,33,Ozone,Madisonville,22-103-0002,AirNow,.,33,.,.,30,.,2020-03-23,391006,29.9511,-90.0715,New_Orleans
83,2020-03-24,40,PM2.5,Chalmette Vista,22-087-0007,AirNow,.,35,.,.,40,.,2020-03-23,391006,29.9511,-90.0715,New_Orleans
84,2020-03-25,67,Ozone,Kenner,22-051-1001,AirNow,.,67,.,.,49,.,2020-03-23,391006,29.9511,-90.0715,New_Orleans
85,2020-03-26,61,Ozone,Madisonville,22-103-0002,AirNow,.,61,.,.,55,.,2020-03-23,391006,29.9511,-90.0715,New_Orleans
86,2020-03-27,41,PM2.5,Chalmette Vista,22-087-0007,AirNow,.,37,.,.,41,.,2020-03-23,391006,29.9511,-90.0715,New_Orleans
87,2020-03-28,72,PM2.5,Chalmette Vista,22-087-0007,AirNow,.,41,.,.,72,.,2020-03-23,391006,29.9511,-90.0715,New_Orleans
88,2020-03-29,44,Ozone,Kenner,22-051-1001,AirNow,.,44,.,.,35,.,2020-03-23,391006,29.9511,-90.0715,New_Orleans
89,2020-03-30,42,Ozone,Kenner,22-051-1001,AirNow,.,42,.,.,31,.,2020-03-23,391006,29.9511,-90.0715,New_Orleans
90,2020-03-31,43,Ozone,Kenner,22-051-1001,AirNow,.,43,.,.,30,.,2020-03-23,391006,29.9511,-90.0715,New_Orleans
91,2020-04-01,48,Ozone,Meraux,22-087-0004,AirNow,.,48,.,.,33,.,2020-03-23,391006,29.9511,-90.0715,New_Orleans
92,2020-04-02,47,Ozone,Garyville,22-095-0002,AirNow,.,47,.,.,38,.,2020-03-23,391006,29.9511,-90.0715,New_Orleans
93,2020-04-03,64,Ozone,Madisonville,22-103-0002,AirNow,.,64,.,.,36,.,2020-03-23,391006,29.9511,-90.0715,New_Orleans
94,2020-04-04,51,Ozone,Kenner,22-051-1001,AirNow,.,51,.,.,48,.,2020-03-23,391006,29.9511,-90.0715,New_Orleans
95,2020-04-05,48,PM2.5,Chalmette Vista,22-087-0007,AirNow,.,44,.,.,48,.,2020-03-23,391006,29.9511,-90.0715,New_Orleans
96,2020-04-06,46,Ozone,Meraux,22-087-0004,AirNow,.,46,.,.,42,.,2020-03-23,391006,29.9511,-90.0715,New_Orleans
97,2020-04-07,31,Ozone,Madisonville,22-103-0002,AirNow,.,31,.,.,26,.,2020-03-23,391006,29.9511,-90.0715,New_Orleans
98,2020-04-08,46,PM2.5,Chalmette Vista,22-087-0007,AirNow,.,29,.,.,46,.,2020-03-23,391006,29.9511,-90.0715,New_Orleans
99,2020-04-09,59,PM2.5,Chalmette Vista,22-087-0007,AirNow,.,45,.,.,59,.,2020-03-23,391006,29.9511,-90.0715,New_Orleans
100,2020-04-10,44,Ozone,Kenner,22-051-1001,AirNow,.,44,.,.,25,.,2020-03-23,391006,29.9511,-90.0715,New_Orleans
101,2019-01-01,68,PM2.5,Chalmette Vista,22-087-0007,AQS,3,17,4,25,68,15,2020-03-23,391006,29.9511,-90.0715,New_Orleans
102,2019-01-02,39,SO2,Norco,22-089-0006,AQS,6,17,39,10,33,14,2020-03-23,391006,29.9511,-90.0715,New_Orleans
103,2019-01-03,43,SO2,Norco,22-089-0006,AQS,5,19,43,6,13,14,2020-03-23,391006,29.9511,-90.0715,New_Orleans
104,2019-01-04,31,Ozone,Kenner,22-051-1001,AQS,6,31,6,11,21,15,2020-03-23,391006,29.9511,-90.0715,New_Orleans
105,2019-01-05,45,PM2.5,Chalmette Vista,22-087-0007,AQS,8,34,6,14,45,34,2020-03-23,391006,29.9511,-90.0715,New_Orleans
106,2019-01-06,62,PM2.5,Chalmette Vista,22-087-0007,AQS,10,44,24,20,62,39,2020-03-23,391006,29.9511,-90.0715,New_Orleans
107,2019-01-07,48,PM2.5,Chalmette Vista,22-087-0007,AQS,9,32,34,16,48,34,2020-03-23,391006,29.9511,-90.0715,New_Orleans
108,2019-01-08,50,PM2.5,Chalmette Vista,22-087-0007,AQS,7,32,4,19,50,37,2020-03-23,391006,29.9511,-90.0715,New_Orleans
109,2019-01-09,37,Ozone,Kenner,22-051-1001,AQS,7,37,3,7,18,3,2020-03-23,391006,29.9511,-90.0715,New_Orleans
110,2019-01-10,35,Ozone,Kenner,22-051-1001,AQS,7,35,3,12,29,8,2020-03-23,391006,29.9511,-90.0715,New_Orleans
111,2019-01-11,71,SO2,Norco,22-089-0006,AQS,8,36,71,14,44,20,2020-03-23,391006,29.9511,-90.0715,New_Orleans
112,2019-01-12,43,PM2.5,Chalmette Vista,22-087-0007,AQS,3,30,24,11,43,25,2020-03-23,391006,29.9511,-90.0715,New_Orleans
113,2019-01-13,23,Ozone,Kenner,22-051-1001,AQS,2,23,4,6,20,7,2020-03-23,391006,29.9511,-90.0715,New_Orleans
114,2019-01-14,43,PM2.5,Chalmette Vista,22-087-0007,AQS,3,26,3,12,43,3,2020-03-23,391006,29.9511,-90.0715,New_Orleans
115,2019-01-15,43,PM2.5,Chalmette Vista,22-087-0007,AQS,6,27,4,13,43,25,2020-03-23,391006,29.9511,-90.0715,New_Orleans
116,2019-01-16,55,PM2.5,Chalmette Vista,22-087-0007,AQS,6,31,4,16,55,30,2020-03-23,391006,29.9511,-90.0715,New_Orleans
117,2019-01-17,57,PM2.5,Chalmette Vista,22-087-0007,AQS,6,27,29,14,57,34,2020-03-23,391006,29.9511,-90.0715,New_Orleans
118,2019-01-18,32,PM2.5,Kenner,22-051-1001,AQS,2,32,10,8,32,22,2020-03-23,391006,29.9511,-90.0715,New_Orleans
119,2019-01-19,31,SO2,Chalmette Vista,22-087-0007,AQS,2,31,31,12,21,13,2020-03-23,391006,29.9511,-90.0715,New_Orleans
120,2019-01-20,35,Ozone,Kenner,22-051-1001,AQS,3,35,3,10,31,3,2020-03-23,391006,29.9511,-90.0715,New_Orleans
121,2019-01-21,52,SO2,Norco,22-089-0006,AQS,5,39,52,9,30,12,2020-03-23,391006,29.9511,-90.0715,New_Orleans
122,2019-01-22,52,PM2.5,Chalmette Vista,22-087-0007,AQS,5,40,3,18,52,29,2020-03-23,391006,29.9511,-90.0715,New_Orleans
123,2019-01-23,34,Ozone,Meraux,22-087-0004,AQS,3,34,27,9,24,25,2020-03-23,391006,29.9511,-90.0715,New_Orleans
124,2019-01-24,32,Ozone,Kenner,22-051-1001,AQS,5,32,1,11,31,14,2020-03-23,391006,29.9511,-90.0715,New_Orleans
125,2019-01-25,38,NO2,Kenner,22-051-1001,AQS,7,37,31,12,35,38,2020-03-23,391006,29.9511,-90.0715,New_Orleans
126,2019-01-26,50,PM2.5,New Orleans / City Park,22-071-0012,AirNow,11,40,11,16,50,37,2020-03-23,391006,29.9511,-90.0715,New_Orleans
127,2019-01-27,47,PM2.5,Chalmette Vista,22-087-0007,AQS,7,38,7,15,47,40,2020-03-23,391006,29.9511,-90.0715,New_Orleans
128,2019-01-28,47,PM2.5,Chalmette Vista,22-087-0007,AQS,7,45,27,17,47,35,2020-03-23,391006,29.9511,-90.0715,New_Orleans
129,2019-01-29,36,Ozone,Meraux,22-087-0004,AQS,3,36,1,4,15,17,2020-03-23,391006,29.9511,-90.0715,New_Orleans
130,2019-01-30,37,Ozone,Meraux,22-087-0004,AQS,6,37,19,6,26,24,2020-03-23,391006,29.9511,-90.0715,New_Orleans
131,2019-01-31,47,SO2,Norco,22-089-0006,AQS,6,40,47,16,30,13,2020-03-23,391006,29.9511,-90.0715,New_Orleans
132,2019-02-01,59,SO2,Norco,22-089-0006,AQS,5,35,59,19,50,11,2020-03-23,391006,29.9511,-90.0715,New_Orleans
133,2019-02-02,55,PM2.5,Chalmette Vista,22-087-0007,AQS,6,31,46,15,55,16,2020-03-23,391006,29.9511,-90.0715,New_Orleans
134,2019-02-03,40,PM2.5,Chalmette Vista,22-087-0007,AQS,5,29,17,9,40,24,2020-03-23,391006,29.9511,-90.0715,New_Orleans
135,2019-02-04,27,Ozone,Madisonville,22-103-0002,AQS,6,27,10,6,23,22,2020-03-23,391006,29.9511,-90.0715,New_Orleans
136,2019-02-05,33,PM2.5,Chalmette Vista,22-087-0007,AQS,6,20,29,10,33,15,2020-03-23,391006,29.9511,-90.0715,New_Orleans
137,2019-02-06,40,SO2,Chalmette Vista,22-087-0007,AQS,5,25,40,14,32,14,2020-03-23,391006,29.9511,-90.0715,New_Orleans
138,2019-02-07,34,PM2.5,Chalmette Vista,22-087-0007,AQS,5,31,30,14,34,19,2020-03-23,391006,29.9511,-90.0715,New_Orleans
139,2019-02-08,31,Ozone,Kenner,22-051-1001,AQS,6,31,1,6,17,3,2020-03-23,391006,29.9511,-90.0715,New_Orleans
140,2019-02-09,35,PM2.5,Chalmette Vista,22-087-0007,AQS,7,34,26,11,35,10,2020-03-23,391006,29.9511,-90.0715,New_Orleans
141,2019-02-10,54,PM2.5,Chalmette Vista,22-087-0007,AQS,7,31,41,17,54,9,2020-03-23,391006,29.9511,-90.0715,New_Orleans
142,2019-02-11,37,SO2,Chalmette Vista,22-087-0007,AQS,6,30,37,6,27,17,2020-03-23,391006,29.9511,-90.0715,New_Orleans
143,2019-02-12,34,Ozone,Kenner,22-051-1001,AQS,6,34,7,11,19,18,2020-03-23,391006,29.9511,-90.0715,New_Orleans
144,2019-02-13,39,Ozone,Meraux,22-087-0004,AQS,.,39,6,20,31,39,2020-03-23,391006,29.9511,-90.0715,New_Orleans
145,2019-02-14,50,SO2,Chalmette Vista,22-087-0007,AQS,.,43,50,17,40,33,2020-03-23,391006,29.9511,-90.0715,New_Orleans
146,2019-02-15,39,PM2.5,Chalmette Vista,22-087-0007,AQS,.,36,13,22,39,25,2020-03-23,391006,29.9511,-90.0715,New_Orleans
147,2019-02-16,38,PM2.5,Chalmette Vista,22-087-0007,AQS,.,34,11,15,38,17,2020-03-23,391006,29.9511,-90.0715,New_Orleans
148,2019-02-17,43,SO2,Chalmette Vista,22-087-0007,AQS,.,34,43,21,35,12,2020-03-23,391006,29.9511,-90.0715,New_Orleans
149,2019-02-18,31,Ozone,Kenner,22-051-1001,AQS,.,31,10,8,21,8,2020-03-23,391006,29.9511,-90.0715,New_Orleans
150,2019-02-19,50,PM2.5,Chalmette Vista,22-087-0007,AQS,.,32,39,13,50,17,2020-03-23,391006,29.9511,-90.0715,New_Orleans
151,2019-02-20,43,PM2.5,I-610,22-071-0021,AQS,.,18,40,18,43,12,2020-03-23,391006,29.9511,-90.0715,New_Orleans
152,2019-02-21,43,PM2.5,Chalmette Vista,22-087-0007,AQS,.,23,33,16,43,9,2020-03-23,391006,29.9511,-90.0715,New_Orleans
153,2019-02-22,40,PM2.5,Chalmette Vista,22-087-0007,AQS,.,28,13,18,40,13,2020-03-23,391006,29.9511,-90.0715,New_Orleans
154,2019-02-23,40,PM2.5,Chalmette Vista,22-087-0007,AQS,.,33,34,19,40,14,2020-03-23,391006,29.9511,-90.0715,New_Orleans
155,2019-02-24,41,Ozone,Meraux,22-087-0004,AQS,.,41,4,13,15,4,2020-03-23,391006,29.9511,-90.0715,New_Orleans
156,2019-02-25,44,Ozone,Meraux,22-087-0004,AQS,3,44,27,8,17,17,2020-03-23,391006,29.9511,-90.0715,New_Orleans
157,2019-02-26,55,PM2.5,New Orleans / City Park,22-071-0012,AQS,3,37,13,20,55,22,2020-03-23,391006,29.9511,-90.0715,New_Orleans
158,2019-02-27,87,SO2,Chalmette Vista,22-087-0007,AQS,5,36,87,7,13,26,2020-03-23,391006,29.9511,-90.0715,New_Orleans
159,2019-02-28,24,Ozone,Madisonville,22-103-0002,AQS,5,24,9,9,15,21,2020-03-23,391006,29.9511,-90.0715,New_Orleans
160,2019-03-01,54,PM2.5,Chalmette Vista,22-087-0007,AQS,8,22,6,11,54,24,2020-03-23,391006,29.9511,-90.0715,New_Orleans
161,2019-03-02,58,PM2.5,Chalmette Vista,22-087-0007,AQS,8,29,4,13,58,23,2020-03-23,391006,29.9511,-90.0715,New_Orleans
162,2019-03-03,34,PM2.5,Chalmette Vista,22-087-0007,AQS,5,29,6,8,34,13,2020-03-23,391006,29.9511,-90.0715,New_Orleans
163,2019-03-04,55,PM2.5,Chalmette Vista,22-087-0007,AQS,2,37,3,9,55,2,2020-03-23,391006,29.9511,-90.0715,New_Orleans
164,2019-03-05,48,PM2.5,Chalmette Vista,22-087-0007,AQS,2,43,3,6,48,2,2020-03-23,391006,29.9511,-90.0715,New_Orleans
165,2019-03-06,53,PM2.5,Chalmette Vista,22-087-0007,AQS,.,47,16,8,53,37,2020-03-23,391006,29.9511,-90.0715,New_Orleans
166,2019-03-07,60,PM2.5,Chalmette Vista,22-087-0007,AQS,.,54,19,15,60,37,2020-03-23,391006,29.9511,-90.0715,New_Orleans
167,2019-03-08,53,PM2.5,Chalmette Vista,22-087-0007,AQS,.,41,30,15,53,32,2020-03-23,391006,29.9511,-90.0715,New_Orleans
168,2019-03-09,45,PM2.5,Chalmette Vista,22-087-0007,AQS,.,32,36,14,45,17,2020-03-23,391006,29.9511,-90.0715,New_Orleans
169,2019-03-10,55,PM2.5,Chalmette Vista,22-087-0007,AQS,.,32,49,14,55,14,2020-03-23,391006,29.9511,-90.0715,New_Orleans
170,2019-03-11,53,PM2.5,Chalmette Vista,22-087-0007,AQS,.,31,19,9,53,16,2020-03-23,391006,29.9511,-90.0715,New_Orleans
171,2019-03-12,52,PM2.5,Chalmette Vista,22-087-0007,AQS,3,42,24,13,52,16,2020-03-23,391006,29.9511,-90.0715,New_Orleans
172,2019-03-13,51,PM2.5,Chalmette Vista,22-087-0007,AQS,3,29,1,14,51,14,2020-03-23,391006,29.9511,-90.0715,New_Orleans
173,2019-03-14,53,PM2.5,Chalmette Vista,22-087-0007,AQS,3,36,34,22,53,11,2020-03-23,391006,29.9511,-90.0715,New_Orleans
174,2019-03-15,39,Ozone,Kenner,22-051-1001,AQS,2,39,1,14,30,4,2020-03-23,391006,29.9511,-90.0715,New_Orleans
175,2019-03-16,40,Ozone,Kenner,22-051-1001,AQS,2,40,19,5,27,7,2020-03-23,391006,29.9511,-90.0715,New_Orleans
176,2019-03-17,44,Ozone,Kenner,22-051-1001,AQS,2,44,1,6,35,5,2020-03-23,391006,29.9511,-90.0715,New_Orleans
177,2019-03-18,55,PM2.5,Chalmette Vista,22-087-0007,AQS,3,45,13,13,55,13,2020-03-23,391006,29.9511,-90.0715,New_Orleans
178,2019-03-19,54,Ozone,Meraux,22-087-0004,AQS,9,54,34,14,51,31,2020-03-23,391006,29.9511,-90.0715,New_Orleans
179,2019-03-20,80,Ozone,Meraux,22-087-0004,AQS,9,80,4,24,67,57,2020-03-23,391006,29.9511,-90.0715,New_Orleans
180,2019-03-21,61,Ozone,Meraux,22-087-0004,AQS,5,61,6,15,51,38,2020-03-23,391006,29.9511,-90.0715,New_Orleans
181,2019-03-22,54,Ozone,Kenner,22-051-1001,AQS,3,54,40,16,52,27,2020-03-23,391006,29.9511,-90.0715,New_Orleans
182,2019-03-23,84,Ozone,Kenner,22-051-1001,AQS,7,84,4,21,62,33,2020-03-23,391006,29.9511,-90.0715,New_Orleans
183,2019-03-24,67,Ozone,Madisonville,22-103-0002,AQS,5,67,33,15,51,27,2020-03-23,391006,29.9511,-90.0715,New_Orleans
184,2019-03-25,50,PM2.5,Chalmette Vista,22-087-0007,AQS,5,46,6,16,50,33,2020-03-23,391006,29.9511,-90.0715,New_Orleans
185,2019-03-26,45,Ozone,Kenner,22-051-1001,AQS,3,45,3,7,37,3,2020-03-23,391006,29.9511,-90.0715,New_Orleans
186,2019-03-27,54,Ozone,Meraux,22-087-0004,AQS,5,54,3,12,43,31,2020-03-23,391006,29.9511,-90.0715,New_Orleans
187,2019-03-28,58,Ozone,Meraux,22-087-0004,AQS,5,58,3,19,49,33,2020-03-23,391006,29.9511,-90.0715,New_Orleans
188,2019-03-29,47,Ozone,Meraux,22-087-0004,AQS,5,47,4,21,41,38,2020-03-23,391006,29.9511,-90.0715,New_Orleans
189,2019-03-30,44,Ozone,Meraux,22-087-0004,AQS,3,44,17,17,38,26,2020-03-23,391006,29.9511,-90.0715,New_Orleans
190,2019-03-31,33,Ozone,Kenner,22-051-1001,AQS,3,33,1,6,22,5,2020-03-23,391006,29.9511,-90.0715,New_Orleans
191,2019-04-01,45,Ozone,Meraux,22-087-0004,AQS,2,45,7,11,41,8,2020-03-23,391006,29.9511,-90.0715,New_Orleans
192,2019-04-02,50,Ozone,Meraux,22-087-0004,AQS,2,50,3,11,42,40,2020-03-23,391006,29.9511,-90.0715,New_Orleans
193,2019-04-03,61,Ozone,Meraux,22-087-0004,AQS,5,61,16,21,60,43,2020-03-23,391006,29.9511,-90.0715,New_Orleans
194,2019-04-04,51,Ozone,Meraux,22-087-0004,AQS,3,51,20,8,35,16,2020-03-23,391006,29.9511,-90.0715,New_Orleans
195,2019-04-05,39,Ozone,Meraux,22-087-0004,AQS,5,39,4,9,38,32,2020-03-23,391006,29.9511,-90.0715,New_Orleans
196,2019-04-06,57,PM2.5,Chalmette Vista,22-087-0007,AQS,3,31,1,13,57,12,2020-03-23,391006,29.9511,-90.0715,New_Orleans
197,2019-04-07,46,PM2.5,Chalmette Vista,22-087-0007,AQS,3,36,1,8,46,15,2020-03-23,391006,29.9511,-90.0715,New_Orleans
198,2019-04-08,46,Ozone,Meraux,22-087-0004,AQS,2,46,26,11,30,29,2020-03-23,391006,29.9511,-90.0715,New_Orleans
199,2019-04-09,44,Ozone,Convent,22-093-0002,AQS,2,44,1,6,28,6,2020-03-23,391006,29.9511,-90.0715,New_Orleans
200,2019-04-10,77,Ozone,Madisonville,22-103-0002,AQS,3,77,7,21,52,25,2020-03-23,391006,29.9511,-90.0715,New_Orleans
201,2019-04-11,51,Ozone,Madisonville,22-103-0002,AQS,3,51,24,16,50,25,2020-03-23,391006,29.9511,-90.0715,New_Orleans
202,2019-04-12,41,Ozone,Meraux,22-087-0004,AQS,5,41,3,11,33,28,2020-03-23,391006,29.9511,-90.0715,New_Orleans
203,2019-04-13,52,PM2.5,Chalmette Vista,22-087-0007,AQS,3,31,37,21,52,13,2020-03-23,391006,29.9511,-90.0715,New_Orleans
204,2019-04-14,43,Ozone,Meraux,22-087-0004,AQS,2,43,3,11,21,9,2020-03-23,391006,29.9511,-90.0715,New_Orleans
205,2019-04-15,71,Ozone,Kenner,22-051-1001,AQS,3,71,4,12,35,33,2020-03-23,391006,29.9511,-90.0715,New_Orleans
206,2019-04-16,64,Ozone,Kenner,22-051-1001,AQS,6,64,13,18,41,32,2020-03-23,391006,29.9511,-90.0715,New_Orleans
207,2019-04-17,67,Ozone,Meraux,22-087-0004,AQS,3,67,1,17,38,30,2020-03-23,391006,29.9511,-90.0715,New_Orleans
208,2019-04-18,42,Ozone,Meraux,22-087-0004,AQS,3,42,24,17,35,15,2020-03-23,391006,29.9511,-90.0715,New_Orleans
209,2019-04-19,45,Ozone,Meraux,22-087-0004,AQS,2,45,3,8,10,24,2020-03-23,391006,29.9511,-90.0715,New_Orleans
210,2019-04-20,47,Ozone,Garyville,22-095-0002,AQS,3,47,3,14,30,26,2020-03-23,391006,29.9511,-90.0715,New_Orleans
211,2019-04-21,54,Ozone,Kenner,22-051-1001,AQS,6,54,11,15,39,30,2020-03-23,391006,29.9511,-90.0715,New_Orleans
212,2019-04-22,67,Ozone,Meraux,22-087-0004,AQS,6,67,6,17,33,36,2020-03-23,391006,29.9511,-90.0715,New_Orleans
213,2019-04-23,50,Ozone,Meraux,22-087-0004,AQS,5,50,16,14,30,32,2020-03-23,391006,29.9511,-90.0715,New_Orleans
214,2019-04-24,45,Ozone,Madisonville,22-103-0002,AQS,3,45,9,16,40,25,2020-03-23,391006,29.9511,-90.0715,New_Orleans
215,2019-04-25,40,Ozone,Meraux,22-087-0004,AQS,3,40,20,12,21,19,2020-03-23,391006,29.9511,-90.0715,New_Orleans
216,2019-04-26,49,Ozone,Kenner,22-051-1001,AQS,3,49,3,15,34,3,2020-03-23,391006,29.9511,-90.0715,New_Orleans
217,2019-04-27,71,Ozone,Madisonville,22-103-0002,AQS,3,71,26,19,42,24,2020-03-23,391006,29.9511,-90.0715,New_Orleans
218,2019-04-28,80,Ozone,Madisonville,22-103-0002,AQS,5,80,6,19,43,24,2020-03-23,391006,29.9511,-90.0715,New_Orleans
219,2019-04-29,47,Ozone,Meraux,22-087-0004,AQS,3,47,3,18,31,27,2020-03-23,391006,29.9511,-90.0715,New_Orleans
220,2019-04-30,51,Ozone,Meraux,22-087-0004,AQS,3,51,4,21,44,32,2020-03-23,391006,29.9511,-90.0715,New_Orleans
221,2019-05-01,34,Ozone,Meraux,22-087-0004,AQS,3,34,3,19,33,14,2020-03-23,391006,29.9511,-90.0715,New_Orleans
222,2019-05-02,37,Ozone,Garyville,22-095-0002,AQS,3,37,4,19,28,16,2020-03-23,391006,29.9511,-90.0715,New_Orleans
223,2019-05-03,31,PM2.5,Chalmette Vista,22-087-0007,AQS,5,31,4,16,31,19,2020-03-23,391006,29.9511,-90.0715,New_Orleans
224,2019-05-04,45,Ozone,Madisonville,22-103-0002,AQS,3,45,6,10,25,16,2020-03-23,391006,29.9511,-90.0715,New_Orleans
225,2019-05-05,37,Ozone,Meraux,22-087-0004,AQS,3,37,3,7,23,25,2020-03-23,391006,29.9511,-90.0715,New_Orleans
226,2019-05-06,45,Ozone,Garyville,22-095-0002,AQS,5,45,7,15,33,24,2020-03-23,391006,29.9511,-90.0715,New_Orleans
227,2019-05-07,47,Ozone,Madisonville,22-103-0002,AirNow,5,47,4,13,32,26,2020-03-23,391006,29.9511,-90.0715,New_Orleans
228,2019-05-08,41,Ozone,Meraux,22-087-0004,AQS,3,41,11,12,30,17,2020-03-23,391006,29.9511,-90.0715,New_Orleans
229,2019-05-09,45,PM2.5,Chalmette Vista,22-087-0007,AQS,2,44,24,16,45,11,2020-03-23,391006,29.9511,-90.0715,New_Orleans
230,2019-05-10,33,PM2.5,Madisonville,22-103-0002,AQS,3,32,3,13,33,11,2020-03-23,391006,29.9511,-90.0715,New_Orleans
231,2019-05-11,43,PM2.5,Chalmette Vista,22-087-0007,AQS,.,33,17,16,43,11,2020-03-23,391006,29.9511,-90.0715,New_Orleans
232,2019-05-12,44,Ozone,Kenner,22-051-1001,AQS,.,44,10,8,35,24,2020-03-23,391006,29.9511,-90.0715,New_Orleans
233,2019-05-13,38,Ozone,Kenner,22-051-1001,AQS,2,38,4,8,21,1,2020-03-23,391006,29.9511,-90.0715,New_Orleans
234,2019-05-14,47,Ozone,Kenner,22-051-1001,AQS,3,47,29,14,38,25,2020-03-23,391006,29.9511,-90.0715,New_Orleans
235,2019-05-15,67,Ozone,Convent,22-093-0002,AQS,6,67,3,21,51,31,2020-03-23,391006,29.9511,-90.0715,New_Orleans
236,2019-05-16,71,Ozone,Garyville,22-095-0002,AQS,3,71,3,19,52,33,2020-03-23,391006,29.9511,-90.0715,New_Orleans
237,2019-05-17,67,Ozone,Madisonville,22-103-0002,AQS,5,67,1,17,47,31,2020-03-23,391006,29.9511,-90.0715,New_Orleans
238,2019-05-18,44,PM2.5,Chalmette Vista,22-087-0007,AQS,3,43,1,18,44,13,2020-03-23,391006,29.9511,-90.0715,New_Orleans
239,2019-05-19,43,Ozone,Madisonville,22-103-0002,AQS,3,43,1,14,38,24,2020-03-23,391006,29.9511,-90.0715,New_Orleans
240,2019-05-20,45,PM2.5,Chalmette Vista,22-087-0007,AQS,3,31,27,20,45,13,2020-03-23,391006,29.9511,-90.0715,New_Orleans
241,2019-05-21,42,PM2.5,Chalmette Vista,22-087-0007,AQS,3,31,11,19,42,14,2020-03-23,391006,29.9511,-90.0715,New_Orleans
242,2019-05-22,48,PM2.5,Chalmette Vista,22-087-0007,AQS,2,33,6,19,48,11,2020-03-23,391006,29.9511,-90.0715,New_Orleans
243,2019-05-23,39,PM2.5,Chalmette Vista,22-087-0007,AQS,3,39,19,17,39,14,2020-03-23,391006,29.9511,-90.0715,New_Orleans
244,2019-05-24,41,PM2.5,Chalmette Vista,22-087-0007,AQS,3,40,1,18,41,21,2020-03-23,391006,29.9511,-90.0715,New_Orleans
245,2019-05-25,50,Ozone,Garyville,22-095-0002,AQS,3,50,3,23,48,14,2020-03-23,391006,29.9511,-90.0715,New_Orleans
246,2019-05-26,54,PM2.5,Chalmette Vista,22-087-0007,AQS,3,51,10,21,54,16,2020-03-23,391006,29.9511,-90.0715,New_Orleans
247,2019-05-27,47,Ozone,Madisonville,22-103-0002,AQS,3,47,14,19,45,12,2020-03-23,391006,29.9511,-90.0715,New_Orleans
248,2019-05-28,46,PM2.5,Chalmette Vista,22-087-0007,AQS,3,42,37,21,46,20,2020-03-23,391006,29.9511,-90.0715,New_Orleans
249,2019-05-29,53,PM2.5,Chalmette Vista,22-087-0007,AQS,3,42,1,19,53,17,2020-03-23,391006,29.9511,-90.0715,New_Orleans
250,2019-05-30,48,PM2.5,Chalmette Vista,22-087-0007,AQS,3,44,9,19,48,30,2020-03-23,391006,29.9511,-90.0715,New_Orleans
251,2019-05-31,77,Ozone,Kenner,22-051-1001,AQS,3,77,7,19,52,20,2020-03-23,391006,29.9511,-90.0715,New_Orleans
252,2019-06-01,64,Ozone,Kenner,22-051-1001,AQS,3,64,4,17,46,21,2020-03-23,391006,29.9511,-90.0715,New_Orleans
253,2019-06-02,58,PM2.5,Chalmette Vista,22-087-0007,AQS,3,51,3,19,58,24,2020-03-23,391006,29.9511,-90.0715,New_Orleans
254,2019-06-03,65,PM2.5,Chalmette Vista,22-087-0007,AQS,3,61,3,29,65,20,2020-03-23,391006,29.9511,-90.0715,New_Orleans
255,2019-06-04,64,Ozone,Kenner,22-051-1001,AQS,3,64,23,19,56,23,2020-03-23,391006,29.9511,-90.0715,New_Orleans
256,2019-06-05,35,PM2.5,Chalmette Vista,22-087-0007,AQS,3,18,23,12,35,11,2020-03-23,391006,29.9511,-90.0715,New_Orleans
257,2019-06-06,41,PM2.5,Chalmette Vista,22-087-0007,AQS,2,29,33,15,41,14,2020-03-23,391006,29.9511,-90.0715,New_Orleans
258,2019-06-07,45,Ozone,Madisonville,22-103-0002,AQS,3,45,1,15,43,22,2020-03-23,391006,29.9511,-90.0715,New_Orleans
259,2019-06-08,74,Ozone,Kenner,22-051-1001,AQS,3,74,3,14,47,23,2020-03-23,391006,29.9511,-90.0715,New_Orleans
260,2019-06-09,41,Ozone,Meraux,22-087-0004,AQS,2,41,1,10,31,2,2020-03-23,391006,29.9511,-90.0715,New_Orleans
261,2019-06-10,44,Ozone,Kenner,22-051-1001,AQS,2,44,0,16,40,2,2020-03-23,391006,29.9511,-90.0715,New_Orleans
262,2019-06-11,49,Ozone,Meraux,22-087-0004,AQS,2,49,1,24,47,3,2020-03-23,391006,29.9511,-90.0715,New_Orleans
263,2019-06-12,80,Ozone,Garyville,22-095-0002,AQS,2,80,3,20,49,10,2020-03-23,391006,29.9511,-90.0715,New_Orleans
264,2019-06-13,71,Ozone,Kenner,22-051-1001,AQS,3,71,7,23,53,25,2020-03-23,391006,29.9511,-90.0715,New_Orleans
265,2019-06-14,93,Ozone,Garyville,22-095-0002,AQS,3,93,9,22,48,17,2020-03-23,391006,29.9511,-90.0715,New_Orleans
266,2019-06-15,42,Ozone,Madisonville,22-103-0002,AQS,2,42,17,12,22,21,2020-03-23,391006,29.9511,-90.0715,New_Orleans
267,2019-06-16,42,PM2.5,Madisonville,22-103-0002,AQS,.,30,29,22,42,10,2020-03-23,391006,29.9511,-90.0715,New_Orleans
268,2019-06-17,33,SO2,Norco,22-089-0006,AQS,.,21,33,9,24,13,2020-03-23,391006,29.9511,-90.0715,New_Orleans
269,2019-06-18,41,Ozone,Madisonville,22-103-0002,AQS,.,41,14,7,18,9,2020-03-23,391006,29.9511,-90.0715,New_Orleans
270,2019-06-19,64,Ozone,Madisonville,22-103-0002,AQS,.,64,6,9,30,9,2020-03-23,391006,29.9511,-90.0715,New_Orleans
271,2019-06-20,56,PM2.5,Chalmette Vista,22-087-0007,AQS,2,21,1,33,56,11,2020-03-23,391006,29.9511,-90.0715,New_Orleans
272,2019-06-21,73,PM2.5,Chalmette Vista,22-087-0007,AQS,2,24,62,51,73,9,2020-03-23,391006,29.9511,-90.0715,New_Orleans
273,2019-06-22,75,PM2.5,Chalmette Vista,22-087-0007,AQS,3,28,3,49,75,10,2020-03-23,391006,29.9511,-90.0715,New_Orleans
274,2019-06-23,77,PM2.5,Chalmette Vista,22-087-0007,AQS,2,23,20,53,77,8,2020-03-23,391006,29.9511,-90.0715,New_Orleans
275,2019-06-24,53,PM2.5,Chalmette Vista,22-087-0007,AQS,5,46,27,28,53,28,2020-03-23,391006,29.9511,-90.0715,New_Orleans
276,2019-06-25,75,PM2.5,Chalmette Vista,22-087-0007,AQS,5,29,13,55,75,28,2020-03-23,391006,29.9511,-90.0715,New_Orleans
277,2019-06-26,60,PM2.5,Madisonville,22-103-0002,AQS,3,33,9,39,60,21,2020-03-23,391006,29.9511,-90.0715,New_Orleans
278,2019-06-27,67,Ozone,Convent,22-093-0002,AQS,3,67,39,31,58,25,2020-03-23,391006,29.9511,-90.0715,New_Orleans
279,2019-06-28,46,Ozone,Meraux,22-087-0004,AQS,2,46,3,22,42,18,2020-03-23,391006,29.9511,-90.0715,New_Orleans
280,2019-06-29,49,Ozone,Convent,22-093-0002,AQS,3,49,16,17,39,10,2020-03-23,391006,29.9511,-90.0715,New_Orleans
281,2019-06-30,74,Ozone,Madisonville,22-103-0002,AQS,3,74,14,20,51,21,2020-03-23,391006,29.9511,-90.0715,New_Orleans
282,2019-07-01,67,Ozone,Garyville,22-095-0002,AQS,3,67,4,22,50,21,2020-03-23,391006,29.9511,-90.0715,New_Orleans
283,2019-07-02,33,Ozone,Madisonville,22-103-0002,AQS,3,33,9,14,28,19,2020-03-23,391006,29.9511,-90.0715,New_Orleans
284,2019-07-03,45,Ozone,Madisonville,22-103-0002,AQS,3,45,4,18,30,24,2020-03-23,391006,29.9511,-90.0715,New_Orleans
285,2019-07-04,74,PM2.5,Chalmette Vista,22-087-0007,AQS,2,41,17,47,74,13,2020-03-23,391006,29.9511,-90.0715,New_Orleans
286,2019-07-05,69,PM2.5,Chalmette Vista,22-087-0007,AQS,3,49,17,47,69,23,2020-03-23,391006,29.9511,-90.0715,New_Orleans
287,2019-07-06,75,PM2.5,Madisonville,22-103-0002,AQS,3,48,6,51,75,23,2020-03-23,391006,29.9511,-90.0715,New_Orleans
288,2019-07-07,67,PM2.5,Chalmette Vista,22-087-0007,AQS,3,50,9,38,67,18,2020-03-23,391006,29.9511,-90.0715,New_Orleans
289,2019-07-08,56,PM2.5,Chalmette Vista,22-087-0007,AQS,3,48,4,28,56,16,2020-03-23,391006,29.9511,-90.0715,New_Orleans
290,2019-07-09,54,Ozone,Garyville,22-095-0002,AQS,3,54,11,18,41,16,2020-03-23,391006,29.9511,-90.0715,New_Orleans
291,2019-07-10,42,PM2.5,Madisonville,22-103-0002,AQS,3,33,4,14,42,24,2020-03-23,391006,29.9511,-90.0715,New_Orleans
292,2019-07-11,76,SO2,Norco,22-089-0006,AQS,2,39,76,15,32,4,2020-03-23,391006,29.9511,-90.0715,New_Orleans
293,2019-07-12,39,Ozone,Meraux,22-087-0004,AQS,2,39,31,19,28,5,2020-03-23,391006,29.9511,-90.0715,New_Orleans
294,2019-07-13,53,PM2.5,Chalmette Vista,22-087-0007,AQS,2,41,6,29,53,5,2020-03-23,391006,29.9511,-90.0715,New_Orleans
295,2019-07-14,55,PM2.5,I-610,22-071-0021,AQS,2,24,4,35,55,8,2020-03-23,391006,29.9511,-90.0715,New_Orleans
296,2019-07-15,40,PM2.5,Kenner,22-051-1001,AQS,2,23,3,25,40,11,2020-03-23,391006,29.9511,-90.0715,New_Orleans
297,2019-07-16,75,PM2.5,Chalmette Vista,22-087-0007,AQS,3,25,6,53,75,8,2020-03-23,391006,29.9511,-90.0715,New_Orleans
298,2019-07-17,62,PM2.5,Chalmette Vista,22-087-0007,AQS,3,39,3,45,62,14,2020-03-23,391006,29.9511,-90.0715,New_Orleans
299,2019-07-18,49,PM2.5,Kenner,22-051-1001,AQS,3,32,1,22,49,14,2020-03-23,391006,29.9511,-90.0715,New_Orleans
300,2019-07-19,33,PM2.5,Kenner,22-051-1001,AQS,2,29,3,13,33,10,2020-03-23,391006,29.9511,-90.0715,New_Orleans
301,2019-07-20,30,PM2.5,Kenner,22-051-1001,AQS,5,26,7,14,30,20,2020-03-23,391006,29.9511,-90.0715,New_Orleans
302,2019-07-21,31,PM2.5,Kenner,22-051-1001,AQS,5,25,9,14,31,14,2020-03-23,391006,29.9511,-90.0715,New_Orleans
303,2019-07-22,34,Ozone,Madisonville,22-103-0002,AQS,3,34,3,14,28,20,2020-03-23,391006,29.9511,-90.0715,New_Orleans
304,2019-07-23,40,PM2.5,Kenner,22-051-1001,AQS,3,40,6,19,40,17,2020-03-23,391006,29.9511,-90.0715,New_Orleans
305,2019-07-24,44,Ozone,Kenner,22-051-1001,AQS,2,44,4,15,39,2,2020-03-23,391006,29.9511,-90.0715,New_Orleans
306,2019-07-25,46,Ozone,Madisonville,22-103-0002,AQS,2,46,4,17,41,8,2020-03-23,391006,29.9511,-90.0715,New_Orleans
307,2019-07-26,45,Ozone,Kenner,22-051-1001,AQS,2,45,13,14,39,8,2020-03-23,391006,29.9511,-90.0715,New_Orleans
308,2019-07-27,40,Ozone,Madisonville,22-103-0002,AQS,2,40,23,10,28,16,2020-03-23,391006,29.9511,-90.0715,New_Orleans
309,2019-07-28,41,Ozone,Madisonville,22-103-0002,AQS,3,41,17,12,27,18,2020-03-23,391006,29.9511,-90.0715,New_Orleans
310,2019-07-29,44,Ozone,Madisonville,22-103-0002,AQS,5,44,3,13,29,20,2020-03-23,391006,29.9511,-90.0715,New_Orleans
311,2019-07-30,36,PM2.5,Chalmette Vista,22-087-0007,AQS,6,25,3,17,36,26,2020-03-23,391006,29.9511,-90.0715,New_Orleans
312,2019-07-31,46,Ozone,Madisonville,22-103-0002,AQS,7,46,20,21,35,22,2020-03-23,391006,29.9511,-90.0715,New_Orleans
313,2019-08-01,74,Ozone,Garyville,22-095-0002,AQS,5,74,19,19,50,25,2020-03-23,391006,29.9511,-90.0715,New_Orleans
314,2019-08-02,51,Ozone,Meraux,22-087-0004,AQS,3,51,7,17,44,34,2020-03-23,391006,29.9511,-90.0715,New_Orleans
315,2019-08-03,46,Ozone,Meraux,22-087-0004,AQS,3,46,10,14,33,26,2020-03-23,391006,29.9511,-90.0715,New_Orleans
316,2019-08-04,37,Ozone,Madisonville,22-103-0002,AQS,5,37,20,11,23,20,2020-03-23,391006,29.9511,-90.0715,New_Orleans
317,2019-08-05,44,Ozone,Madisonville,22-103-0002,AQS,5,44,3,9,24,22,2020-03-23,391006,29.9511,-90.0715,New_Orleans
318,2019-08-06,36,Ozone,Madisonville,22-103-0002,AQS,3,36,11,7,21,25,2020-03-23,391006,29.9511,-90.0715,New_Orleans
319,2019-08-07,33,PM2.5,Chalmette Vista,22-087-0007,AQS,3,28,6,15,33,13,2020-03-23,391006,29.9511,-90.0715,New_Orleans
320,2019-08-08,41,PM2.5,Chalmette Vista,22-087-0007,AQS,3,30,10,19,41,16,2020-03-23,391006,29.9511,-90.0715,New_Orleans
321,2019-08-09,52,PM2.5,Chalmette Vista,22-087-0007,AQS,3,34,4,21,52,13,2020-03-23,391006,29.9511,-90.0715,New_Orleans
322,2019-08-10,46,PM2.5,Chalmette Vista,22-087-0007,AQS,3,31,10,19,46,18,2020-03-23,391006,29.9511,-90.0715,New_Orleans
323,2019-08-11,37,PM2.5,Chalmette Vista,22-087-0007,AQS,2,32,16,14,37,13,2020-03-23,391006,29.9511,-90.0715,New_Orleans
324,2019-08-12,44,Ozone,Kenner,22-051-1001,AQS,3,44,6,13,43,16,2020-03-23,391006,29.9511,-90.0715,New_Orleans
325,2019-08-13,39,PM2.5,Chalmette Vista,22-087-0007,AQS,5,38,7,12,39,23,2020-03-23,391006,29.9511,-90.0715,New_Orleans
326,2019-08-14,90,Ozone,Madisonville,22-103-0002,AirNow,3,90,3,10,30,19,2020-03-23,391006,29.9511,-90.0715,New_Orleans
327,2019-08-15,58,Ozone,Madisonville,22-103-0002,AirNow,3,58,3,10,31,15,2020-03-23,391006,29.9511,-90.0715,New_Orleans
328,2019-08-16,77,Ozone,Madisonville,22-103-0002,AirNow,3,77,3,16,50,18,2020-03-23,391006,29.9511,-90.0715,New_Orleans
329,2019-08-17,93,Ozone,Madisonville,22-103-0002,AirNow,5,93,27,13,43,23,2020-03-23,391006,29.9511,-90.0715,New_Orleans
330,2019-08-18,51,Ozone,Madisonville,22-103-0002,AirNow,3,51,14,14,33,12,2020-03-23,391006,29.9511,-90.0715,New_Orleans
331,2019-08-19,48,Ozone,Madisonville,22-103-0002,AirNow,5,48,11,12,29,15,2020-03-23,391006,29.9511,-90.0715,New_Orleans
332,2019-08-20,52,PM2.5,Chalmette Vista,22-087-0007,AQS,5,48,20,21,52,25,2020-03-23,391006,29.9511,-90.0715,New_Orleans
333,2019-08-21,64,PM2.5,Chalmette Vista,22-087-0007,AQS,3,28,3,31,64,12,2020-03-23,391006,29.9511,-90.0715,New_Orleans
334,2019-08-22,42,PM2.5,Chalmette Vista,22-087-0007,AQS,5,32,19,19,42,21,2020-03-23,391006,29.9511,-90.0715,New_Orleans
335,2019-08-23,36,SO2,Norco,22-089-0006,AQS,5,29,36,8,28,22,2020-03-23,391006,29.9511,-90.0715,New_Orleans
336,2019-08-24,29,PM2.5,Madisonville,22-103-0002,AQS,5,25,4,9,29,19,2020-03-23,391006,29.9511,-90.0715,New_Orleans
337,2019-08-25,29,SO2,Chalmette Vista,22-087-0007,AQS,6,21,29,7,25,16,2020-03-23,391006,29.9511,-90.0715,New_Orleans
338,2019-08-26,29,PM2.5,Madisonville,22-103-0002,AQS,5,24,16,10,29,17,2020-03-23,391006,29.9511,-90.0715,New_Orleans
339,2019-08-27,37,PM2.5,Madisonville,22-103-0002,AQS,3,31,14,13,37,26,2020-03-23,391006,29.9511,-90.0715,New_Orleans
340,2019-08-28,46,PM2.5,Chalmette Vista,22-087-0007,AQS,3,31,4,16,46,17,2020-03-23,391006,29.9511,-90.0715,New_Orleans
341,2019-08-29,52,PM2.5,Chalmette Vista,22-087-0007,AQS,3,51,10,17,52,23,2020-03-23,391006,29.9511,-90.0715,New_Orleans
342,2019-08-30,77,Ozone,Convent,22-093-0002,AQS,5,77,10,22,58,27,2020-03-23,391006,29.9511,-90.0715,New_Orleans
343,2019-08-31,59,PM2.5,Madisonville,22-103-0002,AQS,5,50,16,17,59,25,2020-03-23,391006,29.9511,-90.0715,New_Orleans
344,2019-09-01,48,PM2.5,Madisonville,22-103-0002,AQS,2,26,37,12,48,4,2020-03-23,391006,29.9511,-90.0715,New_Orleans
345,2019-09-02,50,PM2.5,Madisonville,22-103-0002,AQS,2,28,16,11,50,6,2020-03-23,391006,29.9511,-90.0715,New_Orleans
346,2019-09-03,52,PM2.5,Madisonville,22-103-0002,AQS,3,38,41,12,52,22,2020-03-23,391006,29.9511,-90.0715,New_Orleans
347,2019-09-04,57,PM2.5,Chalmette Vista,22-087-0007,AQS,3,50,6,20,57,19,2020-03-23,391006,29.9511,-90.0715,New_Orleans
348,2019-09-05,97,Ozone,Convent,22-093-0002,AQS,5,97,3,22,59,24,2020-03-23,391006,29.9511,-90.0715,New_Orleans
349,2019-09-06,74,Ozone,Convent,22-093-0002,AQS,3,74,6,29,67,13,2020-03-23,391006,29.9511,-90.0715,New_Orleans
350,2019-09-07,71,Ozone,Garyville,22-095-0002,AQS,6,71,6,31,69,32,2020-03-23,391006,29.9511,-90.0715,New_Orleans
351,2019-09-08,89,PM2.5,New Orleans / City Park,22-071-0012,AQS,5,84,7,31,89,19,2020-03-23,391006,29.9511,-90.0715,New_Orleans
352,2019-09-09,71,Ozone,Kenner,22-051-1001,AQS,5,71,11,31,70,28,2020-03-23,391006,29.9511,-90.0715,New_Orleans
353,2019-09-10,53,PM2.5,Chalmette Vista,22-087-0007,AQS,3,41,3,18,53,25,2020-03-23,391006,29.9511,-90.0715,New_Orleans
354,2019-09-11,40,PM2.5,Chalmette Vista,22-087-0007,AQS,3,36,11,17,40,15,2020-03-23,391006,29.9511,-90.0715,New_Orleans
355,2019-09-12,68,PM2.5,Madisonville,22-103-0002,AQS,5,45,4,19,68,21,2020-03-23,391006,29.9511,-90.0715,New_Orleans
356,2019-09-13,61,Ozone,Kenner,22-051-1001,AQS,5,61,1,22,56,16,2020-03-23,391006,29.9511,-90.0715,New_Orleans
357,2019-09-14,40,Ozone,Kenner,22-051-1001,AQS,3,40,19,16,39,14,2020-03-23,391006,29.9511,-90.0715,New_Orleans
358,2019-09-15,36,Ozone,Kenner,22-051-1001,AQS,3,36,16,14,33,9,2020-03-23,391006,29.9511,-90.0715,New_Orleans
359,2019-09-16,27,PM2.5,Chalmette Vista,22-087-0007,AQS,2,27,4,13,27,13,2020-03-23,391006,29.9511,-90.0715,New_Orleans
360,2019-09-17,30,Ozone,Kenner,22-051-1001,AQS,3,30,9,8,24,15,2020-03-23,391006,29.9511,-90.0715,New_Orleans
361,2019-09-18,33,Ozone,Meraux,22-087-0004,AirNow,3,33,23,11,24,22,2020-03-23,391006,29.9511,-90.0715,New_Orleans
362,2019-09-19,41,Ozone,Kenner,22-051-1001,AQS,3,41,6,11,37,16,2020-03-23,391006,29.9511,-90.0715,New_Orleans
363,2019-09-20,38,PM2.5,Chalmette Vista,22-087-0007,AQS,3,38,3,16,38,25,2020-03-23,391006,29.9511,-90.0715,New_Orleans
364,2019-09-21,31,Ozone,Kenner,22-051-1001,AQS,2,31,20,13,27,16,2020-03-23,391006,29.9511,-90.0715,New_Orleans
365,2019-09-22,40,PM2.5,Chalmette Vista,22-087-0007,AQS,2,36,3,15,40,18,2020-03-23,391006,29.9511,-90.0715,New_Orleans
366,2019-09-23,36,Ozone,Kenner,22-051-1001,AQS,3,36,3,13,24,20,2020-03-23,391006,29.9511,-90.0715,New_Orleans
367,2019-09-24,54,Ozone,Garyville,22-095-0002,AQS,3,54,7,16,40,27,2020-03-23,391006,29.9511,-90.0715,New_Orleans
368,2019-09-25,80,Ozone,Kenner,22-051-1001,AQS,5,80,4,20,48,23,2020-03-23,391006,29.9511,-90.0715,New_Orleans
369,2019-09-26,58,Ozone,Garyville,22-095-0002,AQS,5,58,26,20,52,29,2020-03-23,391006,29.9511,-90.0715,New_Orleans
370,2019-09-27,55,PM2.5,Madisonville,22-103-0002,AQS,6,49,16,24,55,27,2020-03-23,391006,29.9511,-90.0715,New_Orleans
371,2019-09-28,51,PM2.5,Chalmette Vista,22-087-0007,AQS,3,44,4,20,51,20,2020-03-23,391006,29.9511,-90.0715,New_Orleans
372,2019-09-29,40,PM2.5,Chalmette Vista,22-087-0007,AQS,3,33,7,13,40,14,2020-03-23,391006,29.9511,-90.0715,New_Orleans
373,2019-09-30,41,PM2.5,Chalmette Vista,22-087-0007,AQS,3,37,3,17,41,22,2020-03-23,391006,29.9511,-90.0715,New_Orleans
374,2019-10-01,47,PM2.5,Chalmette Vista,22-087-0007,AQS,3,46,6,19,47,20,2020-03-23,391006,29.9511,-90.0715,New_Orleans
375,2019-10-02,47,PM2.5,Madisonville,22-103-0002,AQS,3,45,11,19,47,19,2020-03-23,391006,29.9511,-90.0715,New_Orleans
376,2019-10-03,46,PM2.5,Chalmette Vista,22-087-0007,AQS,3,44,7,19,46,32,2020-03-23,391006,29.9511,-90.0715,New_Orleans
377,2019-10-04,51,PM2.5,Chalmette Vista,22-087-0007,AQS,6,49,4,25,51,29,2020-03-23,391006,29.9511,-90.0715,New_Orleans
378,2019-10-05,54,Ozone,Garyville,22-095-0002,AQS,3,54,14,14,43,19,2020-03-23,391006,29.9511,-90.0715,New_Orleans
379,2019-10-06,37,PM2.5,Kenner,22-051-1001,AQS,3,31,20,9,37,9,2020-03-23,391006,29.9511,-90.0715,New_Orleans
380,2019-10-07,37,Ozone,Meraux,22-087-0004,AQS,3,37,23,15,33,9,2020-03-23,391006,29.9511,-90.0715,New_Orleans
381,2019-10-08,44,PM2.5,Kenner,22-051-1001,AQS,2,36,7,11,44,8,2020-03-23,391006,29.9511,-90.0715,New_Orleans
382,2019-10-09,46,Ozone,Meraux,22-087-0004,AQS,3,46,20,17,40,15,2020-03-23,391006,29.9511,-90.0715,New_Orleans
383,2019-10-10,33,Ozone,Meraux,22-087-0004,AQS,3,33,4,14,29,20,2020-03-23,391006,29.9511,-90.0715,New_Orleans
384,2019-10-11,33,Ozone,Kenner,22-051-1001,AQS,3,33,14,11,29,20,2020-03-23,391006,29.9511,-90.0715,New_Orleans
385,2019-10-12,26,PM2.5,Marrero,22-051-2001,AQS,2,23,14,8,26,5,2020-03-23,391006,29.9511,-90.0715,New_Orleans
386,2019-10-13,46,PM2.5,Chalmette Vista,22-087-0007,AQS,2,32,29,12,46,7,2020-03-23,391006,29.9511,-90.0715,New_Orleans
387,2019-10-14,41,PM2.5,Chalmette Vista,22-087-0007,AQS,2,28,21,14,41,9,2020-03-23,391006,29.9511,-90.0715,New_Orleans
388,2019-10-15,32,PM2.5,Chalmette Vista,22-087-0007,AQS,3,30,9,32,32,19,2020-03-23,391006,29.9511,-90.0715,New_Orleans
389,2019-10-16,28,Ozone,Kenner,22-051-1001,AQS,3,28,3,15,15,20,2020-03-23,391006,29.9511,-90.0715,New_Orleans
390,2019-10-17,34,Ozone,Meraux,22-087-0004,AQS,2,34,24,18,32,6,2020-03-23,391006,29.9511,-90.0715,New_Orleans
391,2019-10-18,46,SO2,Norco,22-089-0006,AQS,2,30,46,10,34,6,2020-03-23,391006,29.9511,-90.0715,New_Orleans
392,2019-10-19,58,PM2.5,Chalmette Vista,22-087-0007,AQS,6,44,3,17,58,42,2020-03-23,391006,29.9511,-90.0715,New_Orleans
393,2019-10-20,74,Ozone,Meraux,22-087-0004,AQS,7,74,10,22,66,24,2020-03-23,391006,29.9511,-90.0715,New_Orleans
394,2019-10-21,34,SO2,Chalmette Vista,22-087-0007,AQS,3,30,34,8,24,20,2020-03-23,391006,29.9511,-90.0715,New_Orleans
395,2019-10-22,38,Ozone,Kenner,22-051-1001,AQS,2,38,1,13,16,3,2020-03-23,391006,29.9511,-90.0715,New_Orleans
396,2019-10-23,57,SO2,Norco,22-089-0006,AQS,5,41,57,38,29,32,2020-03-23,391006,29.9511,-90.0715,New_Orleans
397,2019-10-24,90,SO2,Norco,22-089-0006,AQS,5,39,90,23,53,23,2020-03-23,391006,29.9511,-90.0715,New_Orleans
398,2019-10-25,46,PM2.5,Chalmette Vista,22-087-0007,AQS,3,20,23,10,46,21,2020-03-23,391006,29.9511,-90.0715,New_Orleans
399,2019-10-26,27,Ozone,Meraux,22-087-0004,AQS,3,27,14,6,9,19,2020-03-23,391006,29.9511,-90.0715,New_Orleans
400,2019-10-27,33,Ozone,Kenner,22-051-1001,AQS,6,33,0,15,30,14,2020-03-23,391006,29.9511,-90.0715,New_Orleans
401,2019-10-28,45,PM2.5,Chalmette Vista,22-087-0007,AQS,3,38,0,19,45,15,2020-03-23,391006,29.9511,-90.0715,New_Orleans
402,2019-10-29,79,SO2,Norco,22-089-0006,AQS,2,27,79,8,45,8,2020-03-23,391006,29.9511,-90.0715,New_Orleans
403,2019-10-30,26,SO2,Chalmette Vista,22-087-0007,AQS,6,16,26,6,24,19,2020-03-23,391006,29.9511,-90.0715,New_Orleans
404,2019-10-31,28,Ozone,Kenner,22-051-1001,AQS,5,28,4,6,11,6,2020-03-23,391006,29.9511,-90.0715,New_Orleans
405,2019-11-01,31,Ozone,Kenner,22-051-1001,AQS,2,31,4,15,30,7,2020-03-23,391006,29.9511,-90.0715,New_Orleans
406,2019-11-02,37,PM2.5,Chalmette Vista,22-087-0007,AQS,2,34,1,8,37,3,2020-03-23,391006,29.9511,-90.0715,New_Orleans
407,2019-11-03,49,SO2,Norco,22-089-0006,AQS,7,41,49,12,45,38,2020-03-23,391006,29.9511,-90.0715,New_Orleans
408,2019-11-04,54,PM2.5,Madisonville,22-103-0002,AQS,9,40,9,14,54,34,2020-03-23,391006,29.9511,-90.0715,New_Orleans
409,2019-11-05,55,PM2.5,Madisonville,22-103-0002,AQS,6,42,9,32,55,25,2020-03-23,391006,29.9511,-90.0715,New_Orleans
410,2019-11-06,66,PM2.5,Chalmette Vista,22-087-0007,AQS,3,44,17,28,66,15,2020-03-23,391006,29.9511,-90.0715,New_Orleans
411,2019-11-07,43,PM2.5,Chalmette Vista,22-087-0007,AQS,3,30,26,19,43,15,2020-03-23,391006,29.9511,-90.0715,New_Orleans
412,2019-11-08,32,PM2.5,Marrero,22-051-2001,AQS,2,21,1,8,32,3,2020-03-23,391006,29.9511,-90.0715,New_Orleans
413,2019-11-09,57,PM2.5,Chalmette Vista,22-087-0007,AQS,10,33,3,35,57,31,2020-03-23,391006,29.9511,-90.0715,New_Orleans
414,2019-11-10,56,PM2.5,Chalmette Vista,22-087-0007,AQS,17,39,26,32,56,39,2020-03-23,391006,29.9511,-90.0715,New_Orleans
415,2019-11-11,48,PM2.5,Chalmette Vista,22-087-0007,AQS,7,37,9,34,48,32,2020-03-23,391006,29.9511,-90.0715,New_Orleans
416,2019-11-12,32,Ozone,Kenner,22-051-1001,AQS,5,32,1,12,16,15,2020-03-23,391006,29.9511,-90.0715,New_Orleans
417,2019-11-13,39,PM2.5,Chalmette Vista,22-087-0007,AQS,3,30,24,23,39,24,2020-03-23,391006,29.9511,-90.0715,New_Orleans
418,2019-11-14,64,SO2,Norco,22-089-0006,AQS,3,26,64,12,43,9,2020-03-23,391006,29.9511,-90.0715,New_Orleans
419,2019-11-15,50,PM2.5,Chalmette Vista,22-087-0007,AQS,.,39,1,17,50,4,2020-03-23,391006,29.9511,-90.0715,New_Orleans
420,2019-11-16,54,PM2.5,Chalmette Vista,22-087-0007,AQS,.,38,1,27,54,13,2020-03-23,391006,29.9511,-90.0715,New_Orleans
421,2019-11-17,62,PM2.5,Chalmette Vista,22-087-0007,AQS,.,37,14,19,62,40,2020-03-23,391006,29.9511,-90.0715,New_Orleans
422,2019-11-18,71,PM2.5,Chalmette Vista,22-087-0007,AQS,.,48,4,63,71,46,2020-03-23,391006,29.9511,-90.0715,New_Orleans
423,2019-11-19,74,PM2.5,Chalmette Vista,22-087-0007,AQS,5,54,4,69,74,39,2020-03-23,391006,29.9511,-90.0715,New_Orleans
424,2019-11-20,60,PM2.5,Chalmette Vista,22-087-0007,AQS,9,46,16,44,60,37,2020-03-23,391006,29.9511,-90.0715,New_Orleans
425,2019-11-21,41,Ozone,Meraux,22-087-0004,AQS,6,41,4,12,36,27,2020-03-23,391006,29.9511,-90.0715,New_Orleans
426,2019-11-22,56,SO2,Chalmette Vista,22-087-0007,AQS,5,43,56,19,49,31,2020-03-23,391006,29.9511,-90.0715,New_Orleans
427,2019-11-23,30,SO2,Chalmette Vista,22-087-0007,AQS,3,27,30,5,21,13,2020-03-23,391006,29.9511,-90.0715,New_Orleans
428,2019-11-24,35,PM2.5,Chalmette Vista,22-087-0007,AQS,7,31,3,.,35,31,2020-03-23,391006,29.9511,-90.0715,New_Orleans
429,2019-11-25,103,SO2,Chalmette Vista,22-087-0007,AQS,10,37,103,.,57,32,2020-03-23,391006,29.9511,-90.0715,New_Orleans
430,2019-11-26,59,SO2,Chalmette Vista,22-087-0007,AQS,5,35,59,14,50,19,2020-03-23,391006,29.9511,-90.0715,New_Orleans
431,2019-11-27,32,PM2.5,Madisonville,22-103-0002,AQS,3,32,4,17,32,10,2020-03-23,391006,29.9511,-90.0715,New_Orleans
432,2019-11-28,70,SO2,Norco,22-089-0006,AQS,6,35,70,11,45,28,2020-03-23,391006,29.9511,-90.0715,New_Orleans
433,2019-11-29,44,PM2.5,Chalmette Vista,22-087-0007,AQS,7,33,40,13,44,29,2020-03-23,391006,29.9511,-90.0715,New_Orleans
434,2019-11-30,44,PM2.5,Chalmette Vista,22-087-0007,AQS,7,30,34,16,44,21,2020-03-23,391006,29.9511,-90.0715,New_Orleans
435,2019-12-01,40,Ozone,Kenner,22-051-1001,AQS,5,40,3,11,18,8,2020-03-23,391006,29.9511,-90.0715,New_Orleans
436,2019-12-02,32,Ozone,Kenner,22-051-1001,AQS,3,32,3,6,14,3,2020-03-23,391006,29.9511,-90.0715,New_Orleans
437,2019-12-03,38,PM2.5,Chalmette Vista,22-087-0007,AQS,6,34,20,10,38,30,2020-03-23,391006,29.9511,-90.0715,New_Orleans
438,2019-12-04,62,PM2.5,Chalmette Vista,22-087-0007,AQS,15,47,4,28,62,46,2020-03-23,391006,29.9511,-90.0715,New_Orleans
439,2019-12-05,55,PM2.5,Chalmette Vista,22-087-0007,AQS,19,40,11,22,55,38,2020-03-23,391006,29.9511,-90.0715,New_Orleans
440,2019-12-06,51,PM2.5,Chalmette Vista,22-087-0007,AQS,6,42,23,18,51,33,2020-03-23,391006,29.9511,-90.0715,New_Orleans
441,2019-12-07,35,Ozone,Kenner,22-051-1001,AQS,6,35,4,14,33,3,2020-03-23,391006,29.9511,-90.0715,New_Orleans
442,2019-12-08,54,PM2.5,Chalmette Vista,22-087-0007,AQS,9,43,13,17,54,37,2020-03-23,391006,29.9511,-90.0715,New_Orleans
443,2019-12-09,60,PM2.5,Chalmette Vista,22-087-0007,AQS,9,31,30,19,60,26,2020-03-23,391006,29.9511,-90.0715,New_Orleans
444,2019-12-10,36,SO2,Chalmette Vista,22-087-0007,AQS,6,36,36,8,19,11,2020-03-23,391006,29.9511,-90.0715,New_Orleans
445,2019-12-11,35,Ozone,Kenner,22-051-1001,AQS,.,35,34,5,16,2,2020-03-23,391006,29.9511,-90.0715,New_Orleans
446,2019-12-12,41,PM2.5,Chalmette Vista,22-087-0007,AQS,.,28,4,12,41,7,2020-03-23,391006,29.9511,-90.0715,New_Orleans
447,2019-12-13,37,PM2.5,Chalmette Vista,22-087-0007,AQS,.,16,36,7,37,11,2020-03-23,391006,29.9511,-90.0715,New_Orleans
448,2019-12-14,36,Ozone,Convent,22-093-0002,AQS,.,36,6,9,34,22,2020-03-23,391006,29.9511,-90.0715,New_Orleans
449,2019-12-15,47,Ozone,Kenner,22-051-1001,AQS,.,47,17,11,35,25,2020-03-23,391006,29.9511,-90.0715,New_Orleans
450,2019-12-16,40,PM2.5,Chalmette Vista,22-087-0007,AQS,.,26,14,18,40,22,2020-03-23,391006,29.9511,-90.0715,New_Orleans
451,2019-12-17,33,Ozone,Kenner,22-051-1001,AQS,2,33,3,6,16,4,2020-03-23,391006,29.9511,-90.0715,New_Orleans
452,2019-12-18,39,Ozone,Kenner,22-051-1001,AQS,3,39,3,7,21,3,2020-03-23,391006,29.9511,-90.0715,New_Orleans
453,2019-12-19,37,NO2,I-610,22-071-0021,AQS,13,36,6,15,35,37,2020-03-23,391006,29.9511,-90.0715,New_Orleans
454,2019-12-20,44,PM2.5,Chalmette Vista,22-087-0007,AQS,18,35,9,15,44,28,2020-03-23,391006,29.9511,-90.0715,New_Orleans
455,2019-12-21,52,SO2,Norco,22-089-0006,AQS,2,30,52,8,34,8,2020-03-23,391006,29.9511,-90.0715,New_Orleans
456,2019-12-22,25,Ozone,Kenner,22-051-1001,AQS,2,25,3,3,16,3,2020-03-23,391006,29.9511,-90.0715,New_Orleans
457,2019-12-23,31,Ozone,Kenner,22-051-1001,AirNow,2,31,3,5,19,3,2020-03-23,391006,29.9511,-90.0715,New_Orleans
458,2019-12-24,36,PM2.5,Chalmette Vista,22-087-0007,AQS,5,30,6,8,36,22,2020-03-23,391006,29.9511,-90.0715,New_Orleans
459,2019-12-25,36,PM2.5,Chalmette Vista,22-087-0007,AQS,5,24,4,9,36,13,2020-03-23,391006,29.9511,-90.0715,New_Orleans
460,2019-12-26,57,SO2,Norco,22-089-0006,AQS,3,28,57,16,37,14,2020-03-23,391006,29.9511,-90.0715,New_Orleans
461,2019-12-27,36,PM2.5,Chalmette Vista,22-087-0007,AQS,3,29,34,19,36,18,2020-03-23,391006,29.9511,-90.0715,New_Orleans
462,2019-12-28,31,Ozone,Kenner,22-051-1001,AirNow,6,31,6,12,25,19,2020-03-23,391006,29.9511,-90.0715,New_Orleans
463,2019-12-29,35,Ozone,Kenner,22-051-1001,AirNow,6,35,30,8,22,25,2020-03-23,391006,29.9511,-90.0715,New_Orleans
464,2019-12-30,39,Ozone,Kenner,22-051-1001,AirNow,3,39,4,13,18,6,2020-03-23,391006,29.9511,-90.0715,New_Orleans
465,2019-12-31,112,PM2.5,Chalmette Vista,22-087-0007,AQS,10,37,64,50,112,38,2020-03-23,391006,29.9511,-90.0715,New_Orleans
